source_type,authors,title,journal_book,volume,issue,year,place_published,publisher,edition,other_info,page_range,languages,url,notes,num_footnotes
Unpublished,"Masback, Grace",,,,,2020,,,,,,,,Created from PGPID 17049,1
Unpublished,"Khan, Geoffrey ; el-Leithy, Tamer ; Rustow, Marina ; Vanthieghem, Naïm",,,,,,,,,,,,,Created from PGPID 8820,2
Unpublished,"Gindlin, Thamar",,,,,,,,,,,,,Created from PGPID 31444,1
Unpublished,"Perlman, Yaara ; Picard, Joshua",,,,,,,,,,,,,Created from PGPID 1115,1
Unpublished,Motzkin,,,,,,,,,,,,,Created from PGPID 5659,2
Unpublished,"Khan, Geoffrey ; Rustow, Marina",,,,,,,,,,,,,Created from PGPID 30838,2
Unpublished,"Vanthieghem, Naïm",,,,,,,,,,,,,Created from PGPID 32717,1
Unpublished,"Luescher, Stephanie",,,,,,,,,,,,,Created from PGPID 30843,1
Unpublished,"Greenberger, Dan",,,,,,,,,,,,,Created from PGPID 32300,1
Unpublished,"el-Leithy, Tamer",,,,,,,,,,,,,Created from PGPID 8319,2
Unpublished,"Vanthieghem, Naïm ; Zinger, Oded",,,,,,,,,,,,,Created from PGPID 11703,1
Unpublished,"Ackerman-Lieberman, Phillip",,,,,,,,,,,,,Created from PGPID 5204,15
Unpublished,"Khan, Geoffrey ; Rustow, Marina",,,,,,,,,,,,,Created from PGPID 30830,1
Unpublished,"Ashur, Amir",,,,,,,,,,,,,Created from PGPID 12238,6
Unpublished,"Glick, Shmuel",,,,,,,,,,,,,Created from PGPID 15890,16
Unpublished,"Perlman, Yaara ; Picard, Joshua",,,,,,,,,,,,,Created from PGPID 2553,1
Unpublished,"Perry, Craig",,,,,,,,,,,,,Created from PGPID 3504,1
Unpublished,"Perlman, Yaara ; Picard, Joshua",,,,,,,,,,,,,Created from PGPID 2538,1
Unpublished,"Grayson, Jennifer ; Rustow, Marina",,,,,,,,,,,,,Created from PGPID 30845,1
Unpublished,"Eliyahu, Ayala Meyer",,,,,,,,,,,,,Created from PGPID 29689,1
Unpublished,"Perlman, Yaara ; Picard, Joshua",,,,,,,,,,,,,Created from PGPID 7852,0
Unpublished,"Friedman, Mordechai Akiva",,,,,,,,,,,,,Created from PGPID 18676,1
Unpublished,"Diem, Werner",,,,,,,,,,,German,,Created from PGPID 31584,5
Unpublished,"Golb, Norman",,,,,,,,,,,,,Created from PGPID 7131,1
Unpublished,"Bareket, Elinoar",,,,,,,,,,,,,Created from PGPID 25964,1
Unpublished,"Cobb, Paul ; Rustow, Marina",,,,,,,,,,,,,Created from PGPID 30837,1
Unpublished,"Gil, Moshe",,,,,,,,,,,,,Created from PGPID 656,1
Unpublished,"Perez, Idan",,,,,,,,,,,,,Created from PGPID 31295,3
Unpublished,"Zinger, Oded",,,,,,,,,,,,,Created from PGPID 5198,9
Unpublished,"Marglin, J.",,,,,,,,,,,,,Created from PGPID 5248,10
Unpublished,"Margariti, R. E.",,,,,,,,,,,,,Created from PGPID 5205,1
Unpublished,"Ben-Sasson, Menahem",,,,,,,,,,,,,Created from PGPID 11665,1
Unpublished,"Rustow, Marina ; Bailey, Anna",,,,,,,,,,,,,Created from PGPID 30827,1
Article,"Friedman, Mordechai Akiva",A Bitter Protest about Elimination of Piyyutim from the Service — A Request to Appeal to the Sultan,Pe'amim,,78,1999,,Yad Izhak Ben Zvi / יד יצחק בן-צבי,,,128–147,Hebrew,http://www.jstor.org/stable/23427752.,Created from PGPID 5304,1
Article,"Stillman, Norman",A Case of Labor Problems in Medieval Egypt,International Journal of Middle East Studies,5,2,1974,,Cambridge University Press,,,194–201,English,https://www.jstor.org/stable/162589,,1
Article,"Goitein, S. D.",Additional Material from the Ibn 'Awkal Archive on the Mediterranean Trade around 1000,Tarbiz / תרביץ,38,1,1968,,"Mandel Institute for Jewish Studies / המכון למדעי היהדות ע""ש מנדל",,,18–42,Hebrew,http://www.jstor.org/stable/23592963,Created from PGPID 1741,2
Article,"Goitein, S. D.","Additions to 'Ha-Rav', ‘Tarbiz’, XLV (1976), pp. 64–75",Tarbiz,46,1,1976,,"Mandel Institute for Jewish Studies / המכון למדעי היהדות ע""ש מנדל",,NB: the issue number is 1/2 (א/ב).,152–153,Hebrew,https://www.jstor.org/stable/23594301,Created from PGPID 1268,2
Article,"Hammond, Philip C.",A Divorce Document from the Cairo Geniza,Jewish Quarterly Review,52,2,1961,,,,,143–45,English,,,1
Article,"MacKenzie, D. N.",Ad Judaeo-Persica II Hafniensia,Journal of the Royal Asiatic Society of Great Britain and Ireland,98,1,1966,,Cambridge University Press,,"NB: issue number is actually 1/2, not 1 (this database only allows numerical input with no other characters).",69-69,English,http://www.jstor.org/stable/25202899,,1
Article,"Goitein, S. D.",A Document from the African Port Aidab in the Age of the Head of the Academy Joshua b. Dosa,Tarbiz,21,3,1950,,"Mandel Institute for Jewish Studies / המכון למדעי היהדות ע""ש מנדל",,NB: issue number is 3/4 (ג/ד).,185-191,Hebrew,http://www.jstor.org/stable/23585867,Created from PGPID 1684,2
Article,"Tarras, Peter",A fragment of the Book of Revelation in the Taylor-Schechter Genizah Collection (T-S AS 177.202),Collectanea Christiana Orientalia,20,,2023,,,,,273–84,English,,,1
Article,"Hirschler, Konrad ; Aljoumani, Said",A Glimpse into Egyptian/Syrian Elite Book Culture During the Seventh/Thirteenth Century: Booklist T-S Misc. 24.28 from the Cairo Geniza Corpus,Der Islam,100,2,2023,,De Gruyter,,,504-518,English,https://doi.org/10.1515/islam-2023-0026,,1
Article,"Olszowy-Schlanger, Judith ; Bohak, Gideon","A Hebrew-Old French Biblical Glossary from the Cairo Genizah: Manuscript, Text, and Old French leʿazim",Journal of French Language and Literature,130,3,2020,,,,,234–84,English,https://www.academia.edu/104098728/Judith_Olszowy_Schlanger_and_Gideon_Bohak_A_Hebrew_Old_French_Biblical_Glossary_from_the_Cairo_Genizah_Manuscript_Text_and_Old_French_le_azim_Zeitschrift_f%C3%BCr_franz%C3%B6sische_Sprache_und_Literatur_vol_130_no_3_October_2020_234_284,,1
Book,"Gil, Moshe ; Broido, Ethel","A History of Palestine, 634–1099",,,,1992,Cambridge,Cambridge University Press,,,,English,,English translation by Ethel Broido of Moshe Gil's Palestine During the First Muslim Period (634-1099),6
Article,"Goitein, S. D.",A Jewish Addict to Sufism: In the Time of the Nagid David II Maimonides,The Jewish Quarterly Review,44,1,1953,,University of Pennsylvania Press,,,37–49,English,https://www.jstor.org/stable/1453174,,3
Article,"Goitein, S. D.",A Jewish Business Woman of the Eleventh Century,The Jewish Quarterly Review,57,,1967,,University of Pennsylvania Press,,Special issue: the Seventy-Fifth Anniversary Volume of the Jewish Quarterly Review,225-242,English,https://doi.org/10.2307/1453495,Created from PGPID 1562,9
Article,"Khan, Geoffrey",A Judaeo-Arabic Commercial Letter from Early Nineteenth Century Egypt,Ginzei Qedem,2,1,2006,,The Friedberg Genizah Project and the Ben-Zvi Institute,,,37-58,English,https://www.ybz.org.il/?CategoryID=282&ArticleID=3825,,1
Article,"Golb, Norman","A Judaeo-Arabic Court Document of Syracuse, A. D. 1020",Journal of Near Eastern Studies,32,1,1973,,The University of Chicago Press,,NB: issue number is 1/2.,105-123,English,https://www.jstor.org/stable/543474,Created from PGPID 2577,1
Book Section,"Khan, Geoffrey",A Judaeo-Arabic Document from Ottoman Egypt in the Rylands Genizah Collection,From Cairo to Manchester: Studies in the Rylands Genizah Fragments,,,2013,Oxford,Oxford University Press,,,233–48,English,,,1
Article,"Niessen, Friedrich",A Judaeo-Arabic Fragment of a Samaritan Chronicle from the Cairo Geniza,Journal of Semitic Studies,47,2,2002,,The University of Manchester,,,215-236,English,https://doi.org/10.1093/jss/47.2.215,Created from PGPID 2322,2
Article,"Zinger, Oded",A Karaite-Rabbanite Court Session in mid-Eleventh Century in Egypt,Ginzei Qedem,13,1,2017,,The Friedberg Genizah Project and the Ben-Zvi Institute,,,95-116,English,https://www.academia.edu/34167086/Zinger_Karaite_Rabbanite_Joint_Court_Session_pdf,,3
Book Section,"Arad, Dotan ; Wagner, Esther-Miriam",A Letter by Isaac Bayt ʿAṭṭān to Moses b. Judah (1480s),A Handbook and Reader of Ottoman Arabic,,,2021,Cambridge,Open Book Publishers,,,143–48,English,,,1
Article,"Goitein, S. D.","A Letter by Labrat ben Moses ben Sighmar, Dayyan of Al-Maḥdiyya",Tarbiz,36,1,1966,,"Mandel Institute for Jewish Studies / המכון למדעי היהדות ע""ש מנדל",,,59-72,Hebrew,http://www.jstor.org/stable/23591972,Created from PGPID 5570,2
Article,"Goitein, S. D.","A Letter from Judah ben Samuel of Badajoz, Castile, to Judah Hallewi",Tarbiz / תרביץ,30,1,1961,,"Mandel Institute for Jewish Studies / המכון למדעי היהדות ע""ש מנדל",,,379-384,Hebrew,http://www.jstor.org/stable/23591338,Created from PGPID 1128,2
Article,"Goitein, S. D.",A Letter from R. Yehuda Hallewi's Circle,Tarbiz / תרביץ,35,3,1966,,"Mandel Institute for Jewish Studies / המכון למדעי היהדות ע""ש מנדל",,,274-277,Hebrew,http://www.jstor.org/stable/23591769,Created from PGPID 452,2
Article,"Goitein, S. D.","A Letter of Historical Importance From Seleucia (Selefke), Cilicia, Dated 21 July 1137",Tarbiz / תרביץ,27,4,1958,,"Mandel Institute for Jewish Studies / המכון למדעי היהדות ע""ש מנדל",,,521-535,Hebrew,http://www.jstor.org/stable/23589679,Created from PGPID 1025,3
Article,"Goitein, S. D.",A Letter to Maimonides and New Sources regarding the Negidim of this Family,Tarbiz / תרביץ,34,3,1965,,"Mandel Institute for Jewish Studies / המכון למדעי היהדות ע""ש מנדל",3,,232-256,Hebrew,http://www.jstor.org/stable/23591266,Created from PGPID 498,19
Book,"Khalīfa Ḥasan, Muḥammad ; Sarrāj, Jabr",Al-Janiza wa-l-maʿābid al-Yahūdiyya fī Miṣr,,,,1999,Cairo,"Markaz al-Dirāsāt al-Sharqīyah, Jāmiʻat al-Qāhirah",,,,Arabic,,,14
Book Section,"Melammed, Renée Levine",A Look at Women's Lives in Cairo Geniza Society,Festschrift Darkhei Noam: The Jews of Arab Lands,,,2015,Leiden; Boston,Brill,,,,English,,Created from PGPID 3684,1
Article,"Goitein, S. D.",A Maghrebi Living in Cairo Implores His Karaite Wife to Return to Him,The Jewish Quarterly Review,73,2,1982,,University of Pennsylvania Press,,,138-145,English,https://doi.org/10.2307/1454586,Created from PGPID 877,3
Book Section,"Goitein, S. D.",A Mansion in Fustat: A Twelfth-Century Description of a Domestic Compound in the Ancient Capital of Egypt,The Medieval City,,,1977,New Haven,Yale University Press,,"eds. Harry A. Miskimin, David Herlihy, and A.L. Udovitch (New Haven: Yale University Press, 1977), 163–78.",163-78,English,,,2
Book,"Goitein, S. D.",A Mediterranean society; the Jewish communities of the Arab world as portrayed in the documents of the Cairo Geniza,,1,,1967,Berkeley,University of California,,,,English,,,2
Book,"Goitein, S. D.",A Mediterranean society; the Jewish communities of the Arab world as portrayed in the documents of the Cairo Geniza,,3,,1967,Berkeley,"University of California Press, 1967-1993",,,,English,https://catalog.princeton.edu/catalog/991434253506421,Created from PGPID 3077,17
Book,"Goitein, S. D.",A Mediterranean society; the Jewish communities of the Arab world as portrayed in the documents of the Cairo Geniza,,2,,1967,Berkeley,"University of California Press, 1967-1993",,,,English,https://catalog.princeton.edu/catalog/991434253506421,Created from PGPID 2474,6
Book,"Goitein, S. D.",A Mediterranean society; the Jewish communities of the Arab world as portrayed in the documents of the Cairo Geniza,,5,,1967,Berkeley,"University of California Press, 1967-1993",,,,English,https://catalog.princeton.edu/catalog/991434253506421,Created from PGPID 2151,5
Book,"Goitein, S. D.",A Mediterranean society; the Jewish communities of the Arab world as portrayed in the documents of the Cairo Geniza,,4,,,,,,,,English,,,5
Book,"Goitein, Shelomo Dov Fritz",A Mediterranean Society: The Jewish communities of the Arab world as portrayed in the documents of the Cairo Geniza,,,,,,University of California Press,,,,English,,,1
Article,"Khan, Geoffrey",An Arabic Document of Acknowledgement from the Cairo Genizah,Journal of Near Eastern Studies,53,2,1994,,The University of Chicago Press,,,117-124,English,https://www.jstor.org/stable/546077,,1
Article,"Shweka, Roni","""And every day they make quarrels"": A chapter from the history of the Jewish community in Jerusalem in the 13th century according to letters of R. Yehiel the Frenchman",Sefunot,25,1,2017,,,,,13-55,Hebrew,https://www.academia.edu/35336128/_And_every_day_they_make_quarrels_A_chapter_from_the_history_of_the_Jewish_community_in_Jerusalem_in_the_13th_century_according_to_letters_of_R_Yehiel_the_Frenchman,pp. 13–55,2
Article,"Shaked, Shaul",An Early Karaite Document In Judaeo-Persian,Tarbiz / תרביץ,41,1,1971,,"Mandel Institute for Jewish Studies / המכון למדעי היהדות ע""ש מנדל",,,49-58,Hebrew,http://www.jstor.org/stable/23593201,Created from PGPID 26646,1
Book Section,"Isaacs, Haskell",An Encounter with Maimonides,"Moses Maimonides, Physician, Scientist, and Philosopher",,,1993,"Northvale, N.J",J. Aronson,,"ed. F. Rosner and S. Kottek (Northvale, NJ)",41-48,English,,,1
Article,"Goitein, S. D.","“A New Autograph by Maimonides and a Letter to him from his Sister Miriam""",,32,,1963,,Tarbiz,,,184-194,Hebrew,https://www.jstor.org/stable/23590958,,0
Article,"Goitein, S. D.",A New Autograph by Maimonides and a Letter to him from his Sister Miriam,Tarbiz / תרביץ,32,2,1963,,"Mandel Institute for Jewish Studies / המכון למדעי היהדות ע""ש מנדל",,,184-194,Hebrew,http://www.jstor.org/stable/23590958,Created from PGPID 513,8
Article,"Hopkins, Simon","A New Autograph Fragment of Maimonides's ""Epitomes"" of Galen (""De Locis Affectis"")",Bulletin of the School of Oriental and African Studies,57,1,1994,,,,,126–32,English,https://www.jstor.org/stable/619500,,1
Blog,"Wagner, Esther-Miriam",A newly-discovered fragment of a letter written by Maimonides,Fragment of the Month,,,2007,,,,"Taylor-Schechter Genizah Research Unit, Cambridge University Library",,English,,Created from PGPID 17791,1
Article,"Friedman, Mordechai Akiva",An India Trader’s Partnership in Almería (1139),Sefarad,76,1,2016,,Consejo Superior de Investigaciones Científicas,,,75–96,English,https://sefarad.revistas.csic.es/index.php/sefarad/article/view/728/832,,1
Article,"Schechter, Solomon",An Unknown Khazar Document,Jewish Quarterly Review,3,2,1912,,,,,181–219,English,,,1
Article,"Sharf, Andrew",An Unknown Messiah of 1096 and the Emperor Alexius,Journal of Jewish Studies,7,1,1956,,Oxford Centre for Hebrew and Jewish Studies,,NB: Issue number is 1-2.,59-70,English,https://doi.org/10.18647/222/JJS-1956,,1
Dissertation,"Ackerman-Lieberman, Phillip",A Partnership Culture,,,,2007,,,,,,English,,Created from PGPID 6925,14
Dissertation,"Ackerman-Lieberman, Phillip",A Partnership Culture:  Jewish Economic and Social Life Seen Through the Legal Documents of the Cairo Geniza,,,,2007,,Princeton University,,,,English,https://drive.google.com/file/d/1ZS28NngUeOyCH6wDFBRochM3vCn0B_Vo/view?usp=sharing,,99
Article,"Cohen, Mark",A Partnership Gone Bad: Business Relationships and the Evolving Law of the Cairo Geniza Period,Journal of the Economic and Social History of the Orient,56,2,2013,,Brill,,,218-263,English,http://www.jstor.org/stable/43303534,Created from PGPID 578,4
Article,"Rustow, Marina",A Petition to a Woman at the Fatimid Court (1022–23 CE),Bulletin of the School of Oriental and African Studies,73,1,2010,,Cambridge University Press,,,1-27,English,https://doi.org/10.1017/S0041977X09990322,Created from PGPID 19304,2
Article,"Khan, Geoffrey",A Petition to the Fatimid Caliph al-Amīr,Journal of the Royal Asiatic Society of Great Britain and Ireland,122,,1990,,,,,44–54,English,https://doi.org/10.1017/S0035869X00107841,,3
Book Section,"Khan, Geoffrey",A Petition to the Fāṭimid Caliph al-Āmir from the Cairo Genizah Concerning an Inheritance,Orientalistische Studien zu Sprache und Literatur Festgabe zum 65. Geburtstag von Werner Diem,63,,2011,Wiesbaden,Harrassowitz,,"Chapter in Orientalistische Studien zu Sprache und Literatur Festgabe zum 65. Geburtstag von Werner Diem, ed.  Ulrich Marzolph.",175-186,English ; German,https://www.harrassowitz-verlag.de/titel_359.ahtml,,3
Article,"Stern, S. M.",A Petition to the Fāṭimid Caliph al-Mustanṣir Concerning a Conflict within the Jewish Community,Revue des études juives,128,,1969,,,,,203–222,English,,,1
Article,"Delgado, José Martínez ; Ashur, Amir",A Previously Unpublished Letter of Introduction by an Andalusi Karaite (T-S 8J41.7),Miscelánea De Estudios Árabes Y Hebraicos. Sección Hebreo,70,,2021,,,,,193-207,English,https://doi.org/10.30827/meahhebreo.v70.22581,,2
Book,"Niessen, Friedrich ; Shivtiel, Avihai",Arabic and Judaeo-Arabic Manuscripts in the Cambridge Genizah Collections: Taylor-Schechter New Series,,,,2006,Cambridge,Cambridge University Press,,,,English,,,1
Book,"Khan, Geoffrey",Arabic Legal and Administrative Documents in the Cambridge Genizah Collections,,,,1993,Cambridge,Cambridge University Press,,,,English,,Created from PGPID 19732,343
Dissertation,"Goldman, Brendan","Arabic-Speaking Jews in Crusader Syria: Conquest, Continuity, and Adaptation in the Medieval Mediterranean",,,,2018,,,,"(Johns Hopkins University, PhD Diss)",,English,,,2
Article,"Fenton, Paul",A Re-discovered Description of Maimonides by a Contemporary,Maimonidean Studies,5,,2008,"Jersey City, NJ",Yeshiva University Press,,Annual bound volume.,267–91,English,https://www.academia.edu/36979954/Paul_B._Fenton_A_Re-discovered_Description_of_Maimonides_by_a_Contemporary_Maimonidean_Studies_6_2008_267-291,,2
Article,"Friedman, Mordechai Akiva",A Responsum by the 'Rav' Judah b. Joseph ha-Kohen Concerning a Child Bride who Committed Adultery,Dine Israel,20/21,1,2001,New York,Tel Aviv University and New York University,,"Hebrew title: תשובת ""הרב"" ר' יהודה בן יוסף הכהן על יתומה קטנה שהשיאוה ונאפה",329–351,Hebrew,https://www.academia.edu/16660667/%D7%AA%D7%A9%D7%95%D7%91%D7%AA_%D7%94%D7%A8%D7%91_%D7%A8_%D7%99%D7%94%D7%95%D7%93%D7%94_%D7%91%D7%9F_%D7%99%D7%95%D7%A1%D7%A3_%D7%94%D7%9B%D7%94%D7%9F_%D7%A2%D7%9C_%D7%99%D7%AA%D7%95%D7%9E%D7%94_%D7%A7%D7%98%D7%A0%D7%94_%D7%A9%D7%94%D7%A9%D7%99%D7%90%D7%95%D7%94_%D7,Created from PGPID 3152,1
Article,"Golb, Norman",A Study of a Proselyte to Judaism Who Fled to Egypt at the Beginning of the Eleventh Century,Sefunot,8,,1964,Jerusalem,Yad Ben Zvi,,,84-105,Hebrew,,,1
Article,"Bhayro, Siam",A Syriac Fragment from the Cairo Genizah,Wiener Zeitschrift für die Kunde des Morgenlandes,94,,2004,,University of Vienna,,Annual volume.,39-51,English,https://www.jstor.org/stable/23862719,,1
Book,"Shaked, Shaul",A Tentative Bibliography of Geniza Documents,,,,1964,France,Mouton & Co and École Pratique des Hautes Études,,,,English,,,1
Article,"Stern, Sacha ; Vidro, Nadia",A Tenth-Century Jewish Correction of the Easter Calendar,Le Muséon,134,3,2021,,,,Issue number is 3-4.,353–71,English,https://doi.org/10.2143/MUS.134.3.3290050,,2
Article,"Weiss, Gershon","A Testimony from the Cairo Geniza Documents: Son-in-Law, Mother-in-Law Relations",The Jewish Quarterly Review,68,2,1977,,,,,99-103,English,,,1
Article,"Allony, Nehemia",A Twelfth Century List of Personalities and their Titles,Sefunot,6,,1964,"Jerusalem, Israel",Yad Izhak Ben Zvi,,,127-136,Hebrew,https://www.jstor.org/stable/23414417,,1
Article,"Goitein, S. D.",Autographs of Yehuda Hallevi,Tarbiz / תרביץ,25,4,1956,,"Mandel Institute for Jewish Studies / המכון למדעי היהדות ע""ש מנדל",,,319-412,Hebrew,http://www.jstor.org/stable/23588347,Created from PGPID 749,8
Book,"Abramson, S.",Ba-merkazim uva-tefutsot bi-tekufat ha-Geʻonim,,,,1965,Jerusalem,Mosad ha-Rav Kuk,,,,Hebrew,,Created from PGPID 1626,15
Article,"Goitein, S. D.",Bankers Accounts from the Eleventh Century A.D.,Journal of the Economic and Social History of the Orient,9,1,1966,,Brill,,Issue number is 1-2.,28–66,English,https://doi.org/10.2307/3596171,,3
Article,"Bareket, Elinoar",Begging for Help in Letters from the Geniza,Te'uda,16/17,,2001,,,,Annual journal. Hebrew title: פָּתֹחַ תִּפְתַּח אֶת יָדְךָ לְאָחִיךָ לַעֲנִיֶּךָ וּלְאֶבְיֹנְךָ – מכתבי בקשה לעזרה מן הגניזה,359-389,Hebrew,https://humanities.tau.ac.il/jstudies/Teuda-vol-16-17,Created from PGPID 12031,4
Article,Marmorstein,Beiträge zur Geschichte und Literatur der gaonäischen Periode,Monatsschrift Für Geschichte Und Wissenschaft Des Judentums (MGWJ),50,9,1906,,,,Issue number is 9/10.,589-603,German,https://www.jstor.org/stable/23079572,Created from PGPID 3782,2
Article,Marmorstein,Beiträge zur Geschichte und Literatur der gaonäischen Periode,Monatsschrift Für Geschichte Und Wissenschaft Des Judentums (MGWJ),51,11,1907,,,,Issue number is 11/12.,733-746,German,http://www.jstor.org/stable/23079704,"Created from PGPID 3784
no shelfmark given",1
Book Section,"Rustow, Marina","Benefaction (Ni'ma), Gratitude (Shukr), and the Politics of Giving and Receiving in Letters from the Cairo Geniza",Charity and Giving in Monotheistic Religions,,,2009,New York,De Gruyter,,,,English,,,1
Article,"David, Avraham",Berav Family in the Land of Israel and Egypt after the Spanish Expulsion,Hispania Judaica Bulletin,11,,2015,,,,Annual volume.,7-32,Hebrew,https://www.academia.edu/39116859/Abraham_David_Berav_Family_in_the_Land_of_Israel_and_Egypt_after_the_Spanish_Expulsion_Hispania_Judaica_Bulletin_vol_11_2015_7_32_Hebrew_,,1
Book Section,"David, Avraham","""Between Ashkenaz and the East in the Sixteenth Century: Ashkenazic Jews in the Land of Israel as Reflected in the Cairo Geniza""","Rishonim ve-Aharonim, From Sages to Savants: Studies Presented to Avraham Grossman",,,2010,Jerusalem,Shazar,,,309–328,Hebrew,https://www.academia.edu/39111173/Abraham_David_Between_Ashkenaz_and_the_East_in_the_Sixteenth_Century_Ashkenazic_Jews_in_the_Land_of_Israel_as_Reflected_in_the_Cairo_Geniza_in_Rishonim_ve_Aharonim_From_Sages_to_Savants_Studies_Presented_to_Avraham_Grossman_Jerusalem_Shazar_2010_309_328_Hebrew_,,1
Book Section,"Goitein, S. D.",Books: Migrant and Stationary. A Geniza Study,Occident and Orient: A Tribute to the Memory of Alexander Scheiber,,,1988,Budapest : Akadémiai Kiadó ; Leiden ; New York,E.J. Brill,,,179-98,English,,,3
Article,"ברקת, אלינער",Books of Records of the Jerusalemite Court from the Cairo Geniza in the First Half of the Eleventh Century,Hebrew Union College Annual,69,,1998,,,,,1-55,Hebrew,,,2
Book Section,Outhwaite,Byzantium and Byzantines in the Cairo Genizah: New and Old Sources,Jewish Reception of Greek Bible Versions,,,2009,Tübingen,Mohr Siebeck,,,182-220,English,,Created from PGPID 1625,4
Article,"Stern, S. M.",Cairo as the Centre of the Ismaili Movement,"Colloque international sur l'histoire du Caire, 27 mars-5 avril 1969",,,1972,Cairo,,,,437–50,English,,,2
Book Section,"Arad, Dotan",Cairo's Maghribians and Musta'ribs: From Close Cooperation to Conflict and Estrangement,Studies in Jewish History Presented to Joseph Hacker,,,2014,Jerusalem,מרכז זלמן שזר לחקר תולדות העם היהודי,,"Yaron Ben-Naeh et. al. eds. Jerusalem: Zalman Shazar Center, 2014",433-86,Hebrew,,,1
Article,"Goitein, S. D.","Chief Judge R. Ḥanan'el b. Samuel, In-law of R. Moses Maimonides",Tarbiz / תרביץ,50,10,1980,Jerusalem,"Mandel Institute for Jewish Studies / המכון למדעי היהדות ע""ש מנדל",,,95-371,Hebrew,http://www.jstor.org/stable/23595591,Created from PGPID 1729,6
Book,"Beit-Arié, Malachi ; Sirat, Colette ; Glatzer, Mordechai",Codices Hebraicis litteris exarati quo tempore scripti fuerint exhibentes,,4,,2006,Paris,"Institut de recherche et d'histoire des textes, CNRS",,,,English,,,2
Article,"Goitein, S. D.",Communal servants and physicians as booksellers,Kiryat Sefer,44,,1969,,,,,125-128,Hebrew,https://bookreader.nli.org.il/NliBookViewer/?ie_pid=IE47021234#page/n0/mode/2up,Created from PGPID 565,2
Article,"Goitein, S. D.",Congregation versus Community: An Unknown Chapter in the Communal History of Jewish Palestine,Jewish Quarterly Review,44,4,1954,"Philadelphia, PA",University of Pennsylvania Press,,,291-304,English,https://doi.org/10.2307/1452802,Created from PGPID 646,3
Book,"Stern, S. M.",Corpus codicum hebraicorum Medii Aevi,,,,1966,Hafniae,Sumptibus Ejnar Munksgaard,,,,Latin,,Created from PGPID 19917,2
Article,"Cohen, Mark",Correspondence and Social Control in the Jewish Communities of the Islamic World: A Letter of the Nagid Joshua Maimonides,Jewish History,1,2,1986,"New York, NY",Springer,,,39-48,English,https://www.jstor.org/stable/20101021,Created from PGPID 4525,4
Article,"Goitein, S. D.",Court records from the Cairo Geniza,Kiryat Sefer,41,,1966,,,,,263-76,Hebrew,https://bookreader.nli.org.il/NliBookViewer/?ie_pid=IE44749669#page/n0/mode/2up,Created from PGPID 853,6
Unpublished,"Richman, Rachel",Digital Editions,,,,2024,,,,,,,,,0
Article,"Friedman, Mordechai Akiva",Divorce Upon The Wife’s Demand as Reflected in Manuscripts from the Cairo Geniza,The Jewish Law Annual,4,,1981,,Brill,,,103–126,English,https://doi.org/10.1163/9789004669383_009,,3
Article,"Levene, Dan ; Bohak, Gideon",Divorcing Lilith: From the Babylonian incantation bowls to the Cairo Genizah,Journal of Jewish Studies,63,2,2012,,,,,197–217,English,,,1
Unpublished,"Goitein, S. D.",DK 13,,,,,,,,,,English,,"Created from PGPID 9560
DK 13
see separate entry under old shelfmark",1
Unpublished,"Gil, Moshe",DK 327 alt: 13.,,,,,,,,,,Hebrew,,"Created from PGPID 622
DK 327
alt: 13
.",0
Article,"Ashtor, Eliyahu",Documentos Españoles de la Genizah,Sefarad,24,1,1964,,,,,41-80,Spanish,https://www.scribd.com/document/349973282/Ashtor-E-Documentos-Espanoles-de-La-Genizah,Created from PGPID 3182,2
Article,"Lévi, Israël",Document relatif à la «Communauté des fils de Sadoc»,Revue des études juives,65,129,1913,Paris,Peeters Publishers,,,24-31,French,https://www.persee.fr/doc/rjuiv_0484-8616_1913_num_65_129_5149,,1
Book,"Merx, Adalbert",Documents de paléographie hébraïque et arabe,,,,1894,Leiden,Brill,,,,French,,,5
Article,"Goitein, S. D.",Documents from Damascus and Tyre concerning buildings belonging to Jews,Eretz Israel,8,,1967,Jerusalem,Israel Exploration Society,,E.L. Sukenik Memorial Volume,288-297,Hebrew,https://www.jstor.org/stable/23616849,Created from PGPID 2096,4
Article,"David, Avraham",Documents from the Geniza on the Castro Family in Egypt in the Sixteenth- and Seventeenth-Centuries,Pe'amim,54,,1993,"Jerusalem, Israel",Yad Izhak Ben Zvi,,,117-132,Hebrew,https://www.ybz.org.il/?CategoryID=287&ArticleID=2167,,7
Book Section,"Arad, Dotan",Documents in Arabic and Judeo-Arabic Relative to the History of the Jewish Community in Jerusalem,The History of Jerusalem: The Mamluk Period (1260-1517),,,2013,Jerusalem,Yad Ytzhak Ben Zvi Publishing House,,eds. Yvonne Friedman and Joseph Drory.,451-71,Hebrew,,,3
Book,"Gil, Moshe",Documents of the Jewish Pious Foundations from the Cairo Geniza,,,,1976,Leiden,Brill,,,,English,,Created from PGPID 479,350
Article,"Goitein, S. D.",Documents on Abraham Maimonides and his Pietist Circle,Tarbiz / תרביץ,33,2,1963,Jerusalem,"Mandel Institute for Jewish Studies / המכון למדעי היהדות ע""ש מנדל",,,181-197,Hebrew,https://www.jstor.org/stable/23591018,Created from PGPID 1502,11
Dissertation,"Weiss, Gershon",Documents Written by Hillel ben Eli: A Study in the Diplomatics of the Cairo Geniza Documents (MA Thesis),,,,1967,,,,,,English,,,18
Book,"Decter, Jonathan",Dominion Built of Praise: Panegyric and Legitimacy Among Jews in the Medieval Mediterranean,,,,2018,,University of Pennsylvania Press,,,,English,,,6
Article,"Goitein, S. D.",Early Letters and Documents from the Collection of the late David Kaufmann,Tarbiz,20,1,1949,Jerusalem,"Mandel Institute for Jewish Studies / המכון למדעי היהדות ע""ש מנדל",,,191-204,Hebrew,https://www.jstor.org/stable/23585902,Created from PGPID 4495,2
Article,"Fleischer, Ezra",edition of Natan b. Shemuel's poems,Qoveṣ al Yad,18,,2005,,,,,45-79,English,https://www.academia.edu/38275996/Ezra_Fleischer_From_the_Diwan_of_the_Secular_Poetry_of_Rabbi_Nathan_ben_Samuel_Nezer_ha_Haverim_Kobez_Al_Yad_vol_18_XXVIII_2005_139_196_Hebrew_,Created from PGPID 19941,1
Book Section,Friedländer,Ein Gratulationsbrief an Maimonides,Judaica: Festschrift zu Hermann Cohens Siebzigstem Geburtstage,,,1912,Berlin,B. Cassirer,,,257-64,German,,Created from PGPID 4073,1
Article,"Diem, Werner ; Edzard, Lutz",Ein unhöflicher Brief und liebliche Verse. Ein Genizadokument des 11.–12. Jahrhunderts n. Chr. aus der Heidelberger Papyrussammlung,Zeitschrift der Deutschen Morgenländischen Gesellschaft,,2,2011,,,,,265f,German,,,1
Article,"Aodeh, Sabih",Eleventh Century Arabic Letters from the Cairo Geniza,Te'udah,14,,1998,Tel Aviv,Tel Aviv University,,Encounters in Medieval Judeo-Arabic Culture (article no. 10). Annual volume.,125-138,Hebrew,https://humanities.tau.ac.il/jstudies/Teuda-vol-14,Created from PGPID 6095,1
Unpublished,"Aodeh, Sabih",Eleventh Century Arabic Letters of Jewish Merchants from the Cairo Geniza,,,,1992,,Tel-Aviv University,,,,Hebrew,,Created from PGPID 29488,1
Dissertation,"Aodeh, Sabih",Eleventh Century Arabic Letters of Jewish Merchants from the Cairo Geniza,,,,1992,,PhD diss. Tel Aviv University,,PhD diss. Tel Aviv University,,Hebrew,,Created from PGPID 5566,89
Article,"Neubauer, A.","Elhanan, Son of Shemariah ben Elhanan",Jewish Quarterly Review,6,1,1893,"New York, NY",University of Pennsylvania Press,,,222-224,English,https://doi.org/10.2307/1450124,,2
Dissertation,"Ashur, Amir",Engagement and Betrothal Documents from the Cairo Geniza,,,,2006,,,,,,Hebrew,,Created from PGPID 4744,74
Dissertation,"Ashur, Amir",Engagement Documents from the Cairo Geniza,,,,2000,,,,,,Hebrew,,Created from PGPID 2631,13
Book,"Schaefer, Karl",Enigmatic Charms: Medieval Arabic Block Printed Amulets in American and European Libraries and Museums,,,,2006,Leiden,Brill,,,,English,,,1
Book Section,"Goitein, S. D.",En Route to a Pilgrimage to the Tomb of Prophet Ezekiel: A Letter from the Town of Shamtuniya in Iraq from the Early Eleventh Century,Studies on the History of the Iraqi Jewry and their Culture,1,,1981,,,,,,Hebrew,,Created from PGPID 5982,1
Article,"Poznanski, Samuel",Ephraim ben Schemaria de Fostat et l'Académie palestinienne,Revue des études juives,48,96,1904,Paris,Peeters Publishers,,,145-175,French,https://www.persee.fr/doc/rjuiv_0484-8616_1904_num_48_96_6188,,1
Book Section,"Frenkel, Miriam ; Lester, Ayala",Evidence of Material Culture from the Geniza— An Attempt to Correlate Textual and Archaeological Findings,Material Evidence and Narrative Sources : Interdisciplinary Studies of the History of the Muslim Middle East,,,2014,Leiden,Brill,,,,English ; Judaeo-Arabic,,,2
Book,"Stern, S. M.",Fatimid Decrees,,,,1964,London,All Souls Oxford,,,,English,,,4
Article,"Rustow, Marina",Fatimid State Documents,Jewish History,32,2,2019,,Springer,,Issue number is 2-4.,221–277,English,https://doi.org/10.1007/s10835-019-09350-2,,2
Book Section,"Udovitch, A. L.",Formalism and informalism in the Social and Economic institutions of the Medieval Islamic World,Individualism and Conformity in Classical Islam,,,1977,Wiesbaden,Harrassowitz,,"Conference materials: 5th Giorgio Levi Della Vida Biennial Conference, May 23-25, 1975, Gustave E. von Grunebaum Center for Near Eastern Studies, University of California, Los Angeles.",61–81,English,https://catalog.princeton.edu/catalog/SCSB-7688755,,1
Article,"Cohen, Mark",Four Judaeo-Arabic petitions of the poor from the Cairo Geniza,Jerusalem Studies in Arabic and Islam,24,,2000,,,,,446-471,English,,Created from PGPID 3124,2
Article,"Goitein, S. D.",Four Old Marriage Contracts from the Cairo Geniza,Lĕšonénu,30,3,1966,,Academy of the Hebrew Language,,"Article title is sometimes translated as ""Four ancient ketubba texts from the Cairo Geniza‎""; journal title is sometimes transliterated as ""Leshonenu"".",197-216,Hebrew,https://www.jstor.org/stable/24365331,Created from PGPID 637,4
Article,"Ben-Sasson, Menahem","Fragments from Saadya's ""Sefer Ha-edut Ve Ha-Shetarot""",Shenaton ha-Mishpat ha-Ivri,11/12,1,1984,"Jerusalem, Israel",Institute for the Research of Jewish Law,,,135-278,Hebrew,https://www.jstor.org/stable/23418940,Created from PGPID 23206,2
Book,Gottheil ; Worrell,Fragments from the Cairo Genizah in the Freer Collection,,,,1927,New York,Macmillan Co.,,"University of Michigan Studies, Humanistic series, v. 13",,English,,Created from PGPID 28948,2
Book,"Bareket, Elinoar",Fustat on the Nile: The Jewish Elite in Medieval Egypt,,,,1999,Leiden; Boston; Cologne,Brill,,,,English,,,1
Book,"Bareket, Elinoar",Fustat on the Nile: The Jewish Elite in Medieval Egypt,,,,1999,Leiden; Boston; Cologne,Brill,,,,English,,,0
Book,"Bareket, Elinoar",Fustat on the Nile: The Jewish Elite in Medieval Egypt,,,,1999,Leiden; Boston; Cologne,Brill,,,,English,,,0
Book Section,"Mann, Jacob",Gaonic Studies,Hebrew Union College Jubilee Volume,,,1925,Cincinnati,,,,223-62,English,,Created from PGPID 7018,2
Book Section,"Cohen, Mark",Geniza Documents Concerning a Conflict in a Provincial Egyptian Jewish Community during the Nagidate of Mevorakh B. Saadya,Studies in Judaism and Islam Presented to Shelomo Dov Goitein on the Occasion of his Eightieth Birthday,,,1981,Jerusalem,"Magnes Press, Hebrew University",,,123-54,English,,Created from PGPID 6141,2
Article,"Goitein, S. D.",Geniza Documents on the Transfer and Insection of Houses,Revue de l'Occident musulman et de la Méditerranée,,,1973,,,,,401 - 412,English,http://www.persee.fr/web/revues/home/prescript/article/remmm_0035-1474_1973_num_13_1_1220,,4
Book Section,"Braslawsky, Joseph",Geniza Fragments from the 11th-13th Centuries Concerning Rabbath ʿAmmōn and Māʿōn (?),Eretz Israel,3,,1954,"Jerusalem, Israel",Israel Exploration Society,,,207-209,Hebrew,https://www.jstor.org/stable/23614043,Created from PGPID 5282,1
Article,"Schechter, Solomon",Geniza Specimens: A Marriage Settlement,Jewish Quarterly Review,13,2,1901,,University of Pennsylvania Press,,,218-221,English,https://www.jstor.org/stable/1450635,Created from PGPID 3559,1
Book,"Scheiber, Alexander",Geniza Studies,,,,1981,Hildesheim,G. Olms,,"Series: Collectanea, 17.",,German,,Created from PGPID 7617,8
Article,"Mann, Jacob",Glanures de la Gueniza,Revue des études juives,74,148,1922,,Peeters Publishers,,,148–59,French,https://www.persee.fr/doc/rjuiv_0484-8616_1922_num_74_148_5362,,2
Book Section,"Goitein, S. D.",Glimpses from the Cairo Geniza on Naval Warfare in the Mediterranean and on the Mongol Invasion,Studi Orientalistici in onore di Giorgio Levi Della Vida,1,,1956,Roma,Istituto per l'Oriente,,,,English,,Created from PGPID 502,10
Dissertation,"Paul, Ludwig",Grammatical and Philological Studies on the Early Judaeo-Persian Texts from the Cairo Geniza,,,,2002,,University of Göttingen,,,,English,,,4
Book,"Lange, Nicholas de",Greek Jewish Texts from the Cairo Genizah,,,,1996,Tübingen,Mohr,,"Texte und studiem zum antiken Judentum, 51.",,English,,Created from PGPID 8845,2
Unpublished,"Goitein, S. D.",handwritten notes,,,,,,,,,,English,,Created from PGPID 2575,4
Unpublished,"Goitein, S. D.",handwritten texts,,,,,,,,,,,,Created from PGPID 6176,42
Book,"Rustow, Marina",Heresy and the Politics of Community: the Jews of the Fatimid Caliphate,,,,2008,Ithaca,Cornell University Press,,,,English,,,2
Book,"Ashtor, Eliyahu",Histoire des prix et des salaires dans l'Orient médiéval,,,,1969,Paris,S.E.V.P.E.N.,,"Series: Monnaie, priz, conjoncture, 8.",,French,,Created from PGPID 3097,1
Book,"Ashtor, Eliyahu",History of the Jews in Egypt and Syria under the Rule of the Mamlūks,,3,,1970,Jerusalem,Mossad Harav Kook,,,,Hebrew,,Created from PGPID 447,118
Article,"Goldstein, Bernard R. ; Pingree, David",Horoscopes from the Cairo Geniza,Journal of Near Eastern Studies,36,2,1977,,University of Chicago Press,,,113-144,English,https://www.jstor.org/stable/544638,Created from PGPID 3175,1
Article,"Elbaum, Alan ; Zinger, Oded",How to Write a Desperate Letter: Structure versus Spontaneity in Six Letters from an Abandoned Father in Ayyubid Alexandria,Chronique d'Egypte,97,,2022,,,,,247–92,English,https://www.brepolsonline.net/doi/abs/10.1484/J.CDE.5.134187?mobileUi=0,,1
Book Section,"Scheiber, Alexander",Igrot kabtsanim min ha-geniza,Hagut ʻIvrit be-Eropah,,,1969,Tel-Aviv,Berit ʻIvrit ʻolamit ʻa. y. Yavneh,,,,Hebrew,,,1
Unpublished,"Goitein, S. D.",index cards,,T-S Misc.,,,,,,,,English,,,97
Unpublished,"Goitein, S. D.",index cards,,L-G,,,,,,,,English,,,85
Unpublished,"Goitein, S. D.",index cards,,UPenn,,,,,,,,,,,4
Unpublished,"Goitein, S. D.",index cards,,T-S K2,,,,,,,,English,,,72
Unpublished,"Goitein, S. D.",index cards,,T-S K5,,,,,,,,,,,37
Unpublished,"Goitein, S. D.",index cards,,T-S J2,,,,,,,,,,,7
Unpublished,"Goitein, S. D.",index cards,,T-S J1,,,,,,,,,,,14
Unpublished,"Goitein, S. D.",index cards,,T-S H1,,,,,,,,,,,1
Unpublished,"Goitein, S. D.",index cards,,T-S H8,,,,,,,,,,,1
Unpublished,"Goitein, S. D.",index cards,,T-S H3,,,,,,,,,,,1
Unpublished,"Goitein, S. D.",index cards,,T-S G1,,,,,,,,,,,3
Unpublished,"Goitein, S. D.",index cards,,,,,,,,,,,,,0
Unpublished,"Goitein, S. D.",index cards,,T-S Ar.,,,,,,,,English,,,306
Unpublished,"Goitein, S. D.",index cards,,T-S 18,,,,,,,,,,,97
Unpublished,"Goitein, S. D.",index cards,,T-S J3,,,,,,,,,,,11
Unpublished,"Goitein, S. D.",index cards,,T-S 10,,,,,,,,,,,699
Unpublished,"Goitein, S. D.",index cards,,T-S 8K,,,,,,,,,,,13
Unpublished,"Goitein, S. D.",index cards,,T-S K6,,,,,,,,,,,13
Unpublished,"Goitein, S. D.",index cards,,T-S 6J,,,,,,,,,,,49
Unpublished,"Goitein, S. D.",index cards,,T-S 32,,,,,,,,,,,2
Unpublished,"Goitein, S. D.",index cards,,T-S 28,,,,,,,,,,,17
Unpublished,"Goitein, S. D.",index cards,,T-S 24,,,,,,,,,,,73
Unpublished,"Goitein, S. D.",index cards,,T-S 20,,,,,,,,,,,113
Unpublished,"Goitein, S. D.",index cards,,T-S 16,,,,,,,,,,,322
Unpublished,"Goitein, S. D.",index cards,,T-S AS,,,,,,,,,,,163
Unpublished,"Goitein, S. D.",index cards,,T-S NS,,,,,,,,,,,420
Unpublished,"Goitein, S. D.",index cards,,T-S 12,,,,,,,,,,,422
Unpublished,"Goitein, S. D.",index cards,,T-S 8.,,,,,,,,,,,129
Unpublished,"Goitein, S. D.",index cards,,p.,,,,,,,,,,,10
Unpublished,"Goitein, S. D.",index cards,,PER,,,,,,,,,,,23
Unpublished,"Goitein, S. D.",index cards,,Moss.,,,,,,,,English,,,75
Unpublished,"Goitein, S. D.",index cards,,Yevr.-Arab.,,,,,,,,,,,5
Unpublished,"Goitein, S. D.",index cards,,ENA,,,,,,,,English,,,750
Unpublished,"Goitein, S. D.",index cards,,T-S 6 ,,,,,,,,,,,2
Unpublished,"Goitein, S. D.",index cards,,Halper,,,,,,,,,,,43
Unpublished,"Goitein, S. D.",index cards,,DK,,,,,,,,,,,43
Unpublished,"Goitein, S. D.",index cards,,T-S 13J,,,,,,,,English,,,784
Unpublished,"Goitein, S. D.",index cards,,Bodl.,,,,,,,,,,,426
Unpublished,"Goitein, S. D.",index cards,,CUL,,,,,,,,,,,283
Unpublished,"Goitein, S. D.",index cards,,BL,,,,,,,,,,,163
Unpublished,"Goitein, S. D.",index cards,,SMB,,,,,,,,,,,1
Unpublished,"Goitein, S. D.",index cards,,Yevr.,,,,,,,,,,,12
Unpublished,"Goitein, S. D.",index cards,,AIU,,,,,,,,,,,16
Unpublished,"Goitein, S. D.",index cards,,T-S K3,,,,,,,,,,,11
Unpublished,"Goitein, S. D.",index cards,,T-S K1,,,,,,,,,,,98
Unpublished,"Goitein, S. D.",index cards,,T-S 8J,,,,,,,,,,,633
Book,"Goitein, S. D. ; Friedman, Mordechai Akiva",India Book 4: Ḥalfon the Traveling Merchant Scholar,,4,,2013,Jerusalem,Ben Zvi Institute,,,,Hebrew,https://catalog.princeton.edu/catalog/9953519543506421,Created from PGPID 9146,213
Unpublished,"Goitein, S. D.",India Book vol. 5 (unpublished),,,,,,,,,,English,,Created from PGPID 6238,107
Unpublished,"Goitein, S. D.",India Book vol. 6 (unpublished),,,,,,,,,,Hebrew,,Created from PGPID 9668,55
Unpublished,"Goitein, S. D.",India Book vol. 7 (unpublished),,,,,,,,,,Hebrew,,Created from PGPID 6208,77
Book,"Goitein, S. D. ; Friedman, Mordechai Akiva",India Traders of the Middle Ages: Documents from the Cairo Geniza,,3,,2008,Leiden and Boston,Brill,,,,English,https://catalog.princeton.edu/catalog/9953519543506421,Created from PGPID 5495,161
Book,"Goitein, S. D. ; Friedman, Mordechai Akiva",India traders of the middle ages : documents from the Cairo Geniza : India book,,1,,2008,Leiden and Boston,Brill,,,,English,https://catalog.princeton.edu/catalog/9953519543506421,Created from PGPID 5334,60
Book,"Goitein, S. D. ; Friedman, Mordechai Akiva",India traders of the middle ages : documents from the Cairo Geniza : India book,,2,,2008,Leiden and Boston,Brill,,,,English,https://catalog.princeton.edu/catalog/9953519543506421,Created from PGPID 5403,126
Book,Rivlin,Inheritance and Wills in Jewish Law,,,,1999,Ramat Gan,Universitat Bar Ilan,,,,Hebrew,,Created from PGPID 2616,9
Article,"Friedman, Mordechai Akiva",Inheritance of a Man with Two Wives: Two Responsa from the Geniza,Dine Israel,13/14,,1988,,Tel Aviv University,,"Title also translated as ""Two Responsa from the Cairo Genizah Concerning the Inheritance Rights of a Bigamist [Heb.]""",239-236,Hebrew,https://www.academia.edu/17829286/%D7%99%D7%A8%D7%95%D7%A9%D7%AA_%D7%9E%D7%99_%D7%A9%D7%94%D7%99%D7%95_%D7%9C%D7%95_%D7%A9%D7%AA%D7%99_%D7%A0%D7%A9%D7%99%D7%9D_%D7%A9%D7%AA%D7%99_%D7%AA%D7%A9%D7%95%D7%91%D7%95%D7%AA_%D7%9E%D7%9F_%D7%94%D7%92%D7%A0%D7%99%D7%96%D7%94_1988_Two_Responsa_from_the_Cairo_G,Created from PGPID 1921,2
Book,"Gil, Moshe",In the Kingdom of Ishmael,,3,,1997,Tel Aviv,Tel Aviv University,,,,Hebrew,https://www.nli.org.il/en/books/NNL_ALEPH001758445/NLI,Created from PGPID 5561,641
Book,"Gil, Moshe",In the Kingdom of Ishmael,,2,,1997,Tel Aviv,Tel Aviv University,,,,Hebrew,https://www.nli.org.il/en/books/NNL_ALEPH001758445/NLI,Created from PGPID 5558,669
Book,"Gil, Moshe",In the Kingdom of Ishmael,,4,,1997,Tel Aviv,Tel Aviv University,,"Series: Pirsume ha-Makhon le-ḥeḳer ha-tefutsot, sefer 117-120.",,Hebrew,,Created from PGPID 5565,493
Article,"Scheiber, Alexander",Isaac Ibn Chalfon's Panegyric Poem Addressed to Samuel Han-Nagid: From the Kaufmann Geniza,Acta Orientalia Academiae Scientiarum Hungaricae,10,1,1960,Budapest,Akadémiai Kiadó,,,91–95,English,https://www.jstor.org/stable/23682649,,1
Book Section,"Benayahu, Me'ir",'Iske sefarim ben Kandiyah le-Mitsrayim,Yad le-Heman : ḳovets meḥḳarim le-zekher A.M. Habermann,,,1983,Lod,Mekhon Haberman le-meḥḳere sifrut,,,,Hebrew,,"Created from PGPID 6443
The Italian on verso awaits transcription",2
Article,"Elbaum, Alan","""'It’s Set Your Eyes Aflame’: Two Poems by Nasir,  the Hebrew & Arabic Litterateur""",Arab Lit Quarterly,4,4,2021,,,,,30–37,English,,,2
Book,"Goitein, S. D.",Jewish Education in Muslim Countries,,,,1962,Jerusalem,"Ben-Zvi Institute, Hebrew University",,,,Hebrew,,,1
Book,"Bareket, Elinoar",Jewish Leadership in Fustat,,,,1995,Tel Aviv,"ha-Makhon le-ḥeḳer ha-tefutsot, Universiṭat Tel-Aviv",,"Series: Pirsume ha-Makhon le-ḥeḳer ha-tefutsot, sefer 100.",,Hebrew,,Created from PGPID 2509,36
Book,"Friedman, Mordechai Akiva",Jewish Marriage in Palestine: a Cairo Geniza study,The ketubba texts,2,,1980,Tel Aviv,"Tel Aviv University, Chaim Rosenberg School of Jewish Studies",,"Volume 2 contains the text of 65 ketubot ranging from 955 CE to the early 12th century CE, from countries including Egypt, Lebanon, Syria, and Israel. The total work is based on the author's doctoral thesis (University of Pennsylvania, 1969), which was supervised by Goitein. See review by Steven Bowman in Speculum (v.58, n.1, January 1983, pp. 175-177).",,English,https://www.nli.org.il/en/books/NNL_ALEPH000521840/NLI,Created from PGPID 446,142
Dissertation,"Vaza, O.",Jewish Pious Foundations,,,,1991,,,,,,Hebrew,,Created from PGPID 4645,9
Book,"Friedman, Mordechai Akiva",Jewish Polygyny,,,,1986,Tel Aviv,Bialik,,,,Hebrew,,Created from PGPID 459,133
Book,"Cohen, Mark","Jewish Self-Government in Medieval Egypt: The Origins of the Office of the Head of the Jews, ca. 1065-1126",,,,2014,"Princeton, New Jersey",Princeton University Press,,,,English,,Created from PGPID 7284,9
Article,"Goitein, S. D.",Jewish Trade in the Mediterranean at the Beginning of the Eleventh Century,Tarbiz,36,4,1967,Jerusalem,Mandel Institute for Jewish Studies,,,366-395,Hebrew,https://www.jstor.org/stable/23593013,Created from PGPID 558,13
Article,"Goitein, S. D.",Jewish Trade in the Mediterranean at the Beginning of the Eleventh Century (II),Tarbiz,37,1,1967,Jerusalem,Mandel Institute for Jewish Studies,,,48-77,Hebrew,https://www.jstor.org/stable/23592923,Created from PGPID 622,13
Article,"Goitein, S. D.",Jewish Trade in the Mediterranean at the Beginning of the Eleventh Century (III),Tarbiz,37,2,1968,Jerusalem,Mandel Institute for Jewish Studies,,,158-190,Hebrew,https://www.jstor.org/stable/23592946,Created from PGPID 559,20
Book Section,"Zinger, Oded",Jewish Women in Muslim Legal Venues,"Language, Gender and Law in the Judaeo-Islamic Milieu",,,2020,Leiden ; Boston,Brill,,,38-87,English,,Created from PGPID 6479,14
Article,"Melammed, Renée Levine",Jewish women in Muslim territory in the Middle Ages: two documents from the Cairo Geniza,"Clio. Women, Gender, History",,44,2016,,Belin,,,229–41,English,https://www.jstor.org/stable/2648596,,2
Article,"Cohen, Mark",Jews in the Mamlūk Environment: The Crisis of 1442,Bulletin of the School of Oriental and African Studies,47,3,1984,"Cambridge, United Kingdom",Cambridge University Press,,,425-448,English,https://www.jstor.org/stable/618879,Created from PGPID 1301,3
Dissertation,"Frenkel, Miriam",Jews of Aleppo,,,,1990,,,,,,Hebrew,,Created from PGPID 8084,4
Book,"Bareket, Elinoar",Jews of Egypt 1007-1055,,,,1995,Jerusalem,Ben-Zvi Institute,,,,Hebrew,,Created from PGPID 2555,28
Book Section,"Goitein, S. D.",Judaeo-Arabic Letters from Spain (early twelfth century),Orientalia Hispanica ed. J.M. Barral,,,1974,Leiden,Brill,,,331-350,English,https://www.academia.edu/42934433/S_D_Goitein_Judaeo_Arabic_Letters_from_Spain_Early_Twelfth_Century_in_J_M_Barral_ed_Orientalia_Hispanica_Leiden_Brill_1974_331_350,,3
Article,"Blau, Joshua ; Hopkins, Simon","Judaeo-Arabic Papyri — Collected, Edited, Translated and Analysed",Jerusalem Studies in Arabic and Islam (JSAI),9,,1987,"Jerusalem, Israel",Hebrew University,,,87-160,English,https://www.academia.edu/38210910/Joshua_Blau_and_Simon_Hopkins_Judaeo-Arabic_Papyri_Collected_Edited_Translated_and_Analysed_Jerusalem_Studies_in_Arabic_and_Islam_vol._9_1987_87-160,,4
Book,"Russ-Fishbane, Elisha","Judaism, Sufism, and the Pietists of Medieval Egypt A Study of Abraham Maimonides and His Times",,,,2015,Oxford,Oxford University Press,,,,English,,,1
Book,"Olszowy-Schlanger, Judith",Karaite Marriage Contracts from the Cairo Geniza,,,,1997,Boston,Brill,,,,English,,Created from PGPID 29446,18
Book,"Golb, Norman ; Pritsak",Khazarian Hebrew Documents of the 10th Century,,,,1982,"Ithaca, New York",Cornell University Press,,,,English,,Created from PGPID 3094,1
Article,"Olszowy-Schlanger, Judith",La lettre de divorce caraïte et sa place dans les relations entre Caraïtes et Rabbanites au Moyen Age (Une étude de manuscrits de la Geniza du Caire),Revue des Etudes Juives,155,,1996,"Leuven, Belgium",Peeters Publishers,,,337-362,French,https://www.academia.edu/38307649/Judith_Olszowy-Schlanger_La_lettre_de_divorce_cara%C3%AFte_et_sa_place_dans_les_relations_entre_Cara%C3%AFtes_et_Rabbanites_au_Moyen_Age_Une_%C3%A9tude_de_manuscrits_de_la_Geniza_du_Caire_Revue_des_Etudes_Juives_155_3-4_July-December_1996_261-285,,2
Article,"Kiraz, George",Learning Syriac and Garshuni in Early Modern Egypt: Evidence from the Cairo Genizah,Intellectual History of the Islamicate World,9,,2020,"Leiden, Netherlands",Brill,,doi:10.1163/2212943X-20201006,1-26,English,http://bethmardutho.org/wp-content/uploads/2020/08/Kiraz_2020_Learning-Syriac-and-Garshuni-in-Early-Modern-Egypt.pdf,,2
Article,"Golb, Norman",Legal Documents from the Cairo Genizah,Jewish Social Studies,20,1,1958,"Bloomington, Indiana",Indiana University Press,,,17-46,English,https://www.jstor.org/stable/4465573,Created from PGPID 3498,1
Dissertation,"Weiss, Gershon",Legal Documents Written by the Court Clerk Halfon Ben Manasse (Dated 1100-1138),,,,1970,,,,,,English,,Created from PGPID 29620,98
Article,"Arad, Dotan",“Let's learn Turkish”: A Turkish-Arabic Glossary from the Cairo Genizah,Turcica,48,,2017,"Leuven, Belgium",Peeters Publishers,,,451-73,English,https://poj.peeters-leuven.be/content.php?url=article&id=3237147,,1
Article,"Goitein, S. D.",Letters about R. Yehuda Hallewi's Stay in Alexandria and the Collection of his Poems,Tarbiz,28,,1959,"Jerusalem, Israel",Mandel Institute for Jewish Studies,,,343–361,Hebrew,https://www.jstor.org/stable/23589586,,1
Article,"Abramson, S.",Letters by Ge'onim,Tarbiz,31,,1961,Jerusalem,Mandel Institute for Jewish Studies,,,43-58,Hebrew,https://www.jstor.org/stable/23590967,Created from PGPID 1488,3
Book,"Goitein, S. D.",Letters of Medieval Jewish Traders,,,,1973,"Princeton, New Jersey",Princeton University Press,,,,English,,Created from PGPID 6552,98
Article,"Scheiber, Alexander",Letter to Damietta concerning a teacher,Sefunot: Studies and Sources on the History of the Jewish Communities in the East,5,,1961,,Yad Izhak Ben Zvi / יד יצחק בן-צבי,,,461-466,Hebrew,https://www.jstor.org/stable/23415131,Created from PGPID 6574,1
Article,"Chapira, Bernard",Lettre du Gaon Haï à Sahlan b. Abraham de Fostât,Revue des Études Juives,82,,1926,"Leuven, Belgium",Peeters Publishers,,,317-333,French,https://www.persee.fr/issue/rjuiv_0484-8616_1926_num_82_163,,1
Article,"Fleischer, Ezra",Literary Documents Concerning the History of the Gaonate in Ereẕ-Israel,Zion / ציון,49,4,1984,"Jerusalem, Israel",Historical Society of Israel / תעודות ספרותיות לתולדות הגאונות בארץ ישראל,,"Abstract: In this article the author publishes and analyses three newly discovered Genizah fragments, related to the history of the Palestinian Gaonate: A. A new fragment from Sefer Hamo'adim by Rav Se'adya Gaon (Ms UCL T.-S. NS 194.92) concerning his famous controversy with Ben Meir over the calendar; B. Two panegyrics by R. 'Eli ha-Kohen b. Yehezqel addressed to R. Daniel b. 'Azarya Nasi and Gaon (UCL T.-S. NS 149.43), one of them listing the names of his Havura (leading staff) heading the Yeshiva of Ereẕ-Israel; C. An autobiographic poem by R. Evyatar Gaon, written by him when still 'Fourth', apparently in Cairo, in 1067 (UCL. T.-S. NS 193.32). Documents B. and C. are autographs.",375-400,Hebrew,https://www.jstor.org/stable/23559652,"Fleischer (1984), joining it with T-S 8K4.His text edition includes vocalisation marks (but no cantillation marks); however, his vocalisation marks are completely random; in most cases, they represent his own vocalisation rather than the manuscript’s, so that overall, his vocalisation bears no relationship with what is found in the manuscript.",1
Article,"Zinger, Oded",Long Distance Marriages in the Cairo Geniza,Pe'amim: Studies in Oriental Jewry,121,,2009,"Jerusalem, Israel",Yad Izhak Ben Zvi / יד יצחק בן-צבי,,,7-66,Hebrew,http://www.jstor.org/stable/23432166,Created from PGPID 7886,1
Book,"Schafer ; Shaked, Shaul",Magische Texte aus der Kairoer Geniza,,3,,1999,Tübingen,Mohr,,,,German,,Created from PGPID 4040,1
Book,"Lézine, Alexandre",Mahdiya : recherches d'archéologie islamique,,,,1965,Paris,Klincksieck,,,,French,,,1
Article,"Friedman, Mordechai Akiva",Maimonides Appoints R. Anatoly Muqaddam of Alexandria,Tarbiz,83,,2014,"Jerusalem, Israel","Mandel Institute for Jewish Studies / המכון למדעי היהדות ע""ש מנדל",,,135-162,Hebrew,https://www.jstor.org/stable/26873756,Created from PGPID 11134,1
Article,"Krakowski, Eve",Maimonides' Menstrual Reform in Egypt,Jewish Quarterly Review,110,2,2020,,University of Pennsylvania Press,,,245-289,English,https://muse.jhu.edu/article/755196,,1
Book Section,"Stern, S. M.",Maimonidis Commentarius in Mischnam,,III,,1966,Copenhagen,,,Einar Munksgaard Copenhagen Hafniae,,English,,Created from PGPID 30138,2
Article,"Friedman, Mordechai Akiva",Marriage Contracts according to the Custom of Eretz Israel: Nine Newly Identified Fragments from the Geniza,Dine Israel,34,,2020,,,,,173–238,Hebrew,https://www.academia.edu/45035109/Marriage_Contracts_according_to_the_Custom_of_Eretz_Israel_Nine_Newly_Identified_Fragments_from_the_Geniza%D7%A9%D7%A8%D7%99%D7%93%D7%99_%D7%AA%D7%A9%D7%A2_%D7%9B%D7%AA%D7%95%D7%91%D7%95%D7%AA_%D7%9C%D7%A4%D7%99_%D7%9E%D7%A0%D7%94%D7%92_%D7%90%D7%A8%D7%A5_%D7%99%D7%,,9
Book,"Kahle, Paul",Masoreten des Westens,,,,1927,Stuttgart,,,,,German,,,4
Article,,Master and slave girl : two Geniza documents,Gratz College Annual of Jewish Studies 1,I,,1972,Philadelphia,,,,56-63,English,,,0
Article,"Friedman, Mordechai Akiva",Master and Slave Girl: Two Geniza Documents,Gratz College Annual of Jewish Studies,1972,1,1972,"Philadelphia, Pennsylvania",Gratz College,,,56-63,English,https://www.academia.edu/17638454/Master_and_Slave_Girl_Two_Geniza_Documents_1972,,3
Book,"Lev, Efraim ; Chipman, Leigh",Medical Prescriptions in the Cambridge Genizah Collections: Practical Medicine and Pharmacology in Medieval Egypt,,,,2012,Leiden; Boston,Brill,,,,English,,,0
Book Section,"Goldman, Brendan",Mediterranean Notables and the Politics of Survival in Islamic and Latin Syria: Two Geniza Documents on the Frankish Siege of Tripoli,Crusades,16,,2017,"London, United Kingdom",Routledge,,,1-19,English,https://www.academia.edu/35570522/Mediterranean_Notables_and_the_Politics_of_Survival_in_Islamic_and_Latin_Syria_Two_Geniza_Documents_on_the_Frankish_Siege_of_Tripoli,,1
Unpublished,"Goitein, S. D.",Mediterranean People,,,,,,,,,,English,,"Mediterranean People was a companion volume of translations that Goitein planned while he was writing Mediterranean Society vols. 1–3. The translations he planned to put in Med. Ppl. are marked in Med. Soc. with a superscript + after the shelfmark. By volume 4, he had started putting copious translated material directly into Med. Soc. and abandoned Med. Ppl. Krakowski and Rustow are considering publishing it posthumously.",3
Article,"Goldziher, Ignace",Mélanges judéo-arabes XXI-XXII,Revue des Études Juives,50,,1905,"Leuven, Belgium",Peeters Publishers,,,32-44,French,http://real.mtak.hu/118596/,,1
Article,"Gil, Moshe",More About Palestine During the First Muslim Period,Cathedra: For the History of Eretz Israel and Its Yishuv,70,,1994,"Jerusalem, Israel",Yad Izhak Ben Zvi / יד יצחק בן-צבי,,,29-58,Hebrew,https://www.jstor.org/stable/23403294,,3
Book Section,"Goitein, S. D.","Moses Maimonides, Man of Action: a Revision of the Master’s Biography in Light of the Geniza Documents",Hommage à Georges Vajda: Etudes d'Histoire et de Pensée Juives,,,1980,Louvain,Peeters,,,155-67,English,,Created from PGPID 1325,2
Unpublished,"Stern, S. M.","Nachlass at the National Library of Israel (Richard Walter Archive, Arc. 4•1656)",,,,,,,,,,Arabic ; English ; French ; German ; Hebrew ; Hungarian ; Judaeo-Arabic ; Latin,,,3
Unpublished,"Stern, S. M.",National Library of Israel: Richard Walzer Archive ARC. 4°1656 /File 507,,,,,,,,,,,,,1
Article,"David, Avraham",New Data about Avraham Qastro in Some Cairo Geniza Documents,Michael: On the History of the Jews in the Diaspora,9,,1985,,,,,147–62,Hebrew,,,5
Book Section,"Friedman, Mordechai Akiva",New Fragments from the Geniza of Maimonides' Responsa (With Addenda to the Published Responsa),Hebrew and Arabic Studies in Honor of Joshua Blau,,,1993,Jerusalem,Hebrew University,,"Hiqre 'Ever va-'Arav : mugashim li-Yehoshu'a Bla'u
Ed. H Ben-Shammai",,Hebrew,,Created from PGPID 2769,1
Article,"Cohen, Mark","New Light on the Conflict over the Palestinian Gaonate, 1038-1042, and on Daniel b. ‘Azarya: A Pair of Letters to the Nagid of Qayrawan",AJS Review,1,,1976,"Cambridge, United Kingdom",Cambridge University Press,,,1-40,English,https://www.jstor.org/stable/1486336,,2
Article,"Goitein, S. D.",Newly Discovered Autograph of Rabbi Judah Halevi,Otzar yehudei sefarad,8,5,1965,,,,,7-10,Hebrew,https://www.academia.edu/42926168/S_D_Goitein_Newly_Discovered_Autograph_of_Rabbi_Judah_Halevi_Otsar_Yehudei_Sefarad_vol_8_1965_7_10_Hebrew_,Created from PGPID 983,2
Article,"Goitein, S. D.",New Revelations From the Cairo Geniza: Jewish Women in the Middle Ages,Hadassah Magazine,55,2,1973,"New York, New York","Hadassah, The Women's Zionist Organization of America",,,"14-15, 38-40",English,https://www.academia.edu/42934249/S_D_Goitein_New_Revelations_from_the_Cairo_Geniza_Jewish_Women_in_the_Middle_Ages_Hadassah_Magazine_vol_55_no_2_October_1973_14_15_38_40,Created from PGPID 3074,1
Article,"Goitein, S. D.",New Sources Concerning the Nagids of Qayrawan and R. Nissim,Zion,27,,1962,,Historical Society of Israel / תעודות ספרותיות לתולדות הגאונות בארץ ישראל,,,11-23,Hebrew,https://www.jstor.org/stable/23550314,Created from PGPID 3435,1
Article,"Friedman, Mordechai Akiva",New Sources from the Genizah for the Crusader Period and for Maimonides and His Descendents,Cathedra,40,,1986,"Jerusalem, Israel",Yad Izhak Ben Zvi,,,63–82,Hebrew,http://www.jstor.org/stable/23400210,,3
Article,"Goitein, S. D.","New sources on Daniel b. Azarya, Nasi and Gaon",Shalem,2,,1976,"Jerusalem, Israel",Yad Izhak Ben Zvi / יד יצחק בן-צבי,,,41-102,Hebrew,https://www.academia.edu/42934528/S_D_Goitein_New_Sources_on_Daniel_B_Azarya_Nasi_and_Gaon_Shalem_vol_2_1976_41_102_Hebrew_,Created from PGPID 1344,11
Article,"Goitein, S. D.",New Sources on Eretz-Israel in Crusader Days,Eretz Israel,4,,1956,"Jerusalem, Israel",Israel Exploration Society,,,147-156,Hebrew,https://www.jstor.org/stable/23612237,Created from PGPID 801,3
Book Section,"Goitein, S. D.",New Sources on the Palestinian Gaonate,Salo Wittmayer Baron Jubilee Volume,,,1974,New York,Columbia University Press,,,503–37,English,https://www.academia.edu/42934440/S_D_Goitein_New_Sources_on_the_Palestinian_Gaonate_in_Saul_Lieberman_and_Arthur_Hyman_eds_Salo_Wittmayer_Baron_Jubilee_Volume_New_York_Columbia_University_Press_1974_503_537,,8
Article,"Niessen, Friedrich",New Testament translations from the Cairo Genizah,Collectanea Christiana Orientalia,6,,2009,"Cordoba, Spain",Cordoba University Press,,,201–222,English,http://www.uco.es/servicios/publicaciones/revistas/index.php/cco/article/view/118,,1
Article,"Scheiber, Alexander",New Texts from the Geniza Concerning the Proselytes,Hebrew Union College Annual,50,,1979,,,,,277-287,English,,,1
Article,Ben-Shammai,Notes on the Peregrinations of the Aleppo Codex,Aleppo Studies,1,,2009,Jerusalem,Ben Zvi Institute,,,139-154,Hebrew,,,1
Article,"Goitein, S. D.","Obadya, a Norman Proselyte: Apropos the Discovery of a New Fragment of his 'Scroll'",Journal of Jewish Studies,4,2,1953,"Oxford, United Kingdom",Oxford Centre for Hebrew and Jewish Studies,,,74-84,English,https://doi.org/10.18647/114/JJS-1953,Created from PGPID 7131,1
Book Section,"Gil, Moshe ; Simonsohn",'Od le-toldot ha-Yehudim be-Sitsilyah be-tekufah ha-Normanit,Daniel Carpi Jubilee Volume,,,1996,Tel Aviv,Tel-Aviv University,,,,Hebrew,,Created from PGPID 2593,1
Article,"Assaf, S.","Old Genizah Documents from Palestine, Egypt and North Africa",Tarbiz,9,,1937,"Jerusalem, Israel","Mandel Institute for Jewish Studies / המכון למדעי היהדות ע""ש מנדל",,,11-34,Hebrew,https://www.jstor.org/stable/23583717,,1
Article,"Assaf, S.","Old Genizah Documents from Palestine, Egypt and North Africa",Tarbiz / תרביץ,9,,1938,,"Mandel Institute for Jewish Studies / המכון למדעי היהדות ע""ש מנדל",,,196-218,Hebrew,https://www.jstor.org/stable/23583694,Created from PGPID 5396,3
Article,"Zinger, Oded",“One Hour He Is a Christian and the Next He Is a Muslim!” A Family Dispute from the Cairo Geniza,Al-Masāq Journal of the Medieval Mediterranean,31,,2018,,Taylor and Francis,,,20 - 34,English,https://doi.org/10.1080/09503110.2018.1542572,,1
Article,"Friedman, Mordechai Akiva",Ono - New Evidence from the Cairo Geniza,בין ירקון ואילון: מחקרים על גוש דן ועמק לוד,,,1982,"Ramat Gan, Israel",,,,73-85,Hebrew,https://www.academia.edu/17594310/%D7%90%D7%95%D7%A0%D7%95_%D7%99%D7%93%D7%99%D7%A2%D7%95%D7%AA_%D7%97%D7%93%D7%A9%D7%95%D7%AA_%D7%9E%D7%9F_%D7%94%D7%92%D7%A0%D7%99%D7%96%D7%94_%D7%94%D7%A7%D7%94%D7%99%D7%A8%D7%99%D7%AA_1982,,1
Book Section,"David, Avraham","On the History of the Sholal Family in Egypt and Eretz Israel at the End of the Mameluke Period and the Beginning of the Ottoman Period, in the Light of New Documents from the Geniza",Exile and Diaspora: Presented to Haim Beinart,,,1988,Jerusalem,Ben Zvi,,,374-414,Hebrew,https://www.academia.edu/39110799/Abraham_David_On_the_History_of_the_Sholal_Family_in_Egypt_and_Eretz_Israel_at_the_End_of_the_Mameluke_Period_and_the_Beginning_of_the_Ottoman_Period_in_the_Light_of_New_Documents_from_the_Geniza_in_Exile_and_Diaspora_Presented_to_Haim_Beinart_Jerusalem_Ben_Zvi_1988,,2
Article,"Khan, Geoffrey",On the Question of Script in Karaite Manuscripts: New Evidence from the Genizah,Bulletin of the John Rylands Library,75,3,1993,,,,,133–42,English,,,2
Book,"Gil, Moshe",Palestine During the First Muslim Period (634–1099),,3,,1983,Tel Aviv,Tel Aviv University,,Volume 1 also published in English translation by Cambridge University Press (1992).,,Hebrew,https://www.nli.org.il/en/books/NNL_ALEPH000970180/NLI,Created from PGPID 4409,388
Book,"Gil, Moshe",Palestine During the First Muslim Period (634–1099),,2,,1983,Tel Aviv,Tel Aviv University,,,,Hebrew,https://www.nli.org.il/en/books/NNL_ALEPH000970180/NLI,Created from PGPID 444,803
Book,"Gil, Moshe",Palestine During the First Muslim Period (634–1099),,1,,1983,Tel Aviv,Tel Aviv University and Ministry of Defense,,Also published in English translation by Cambridge University Press (1992). Please cite by section number to facilitate coordination between the Hebrew and English versions. NB the English version incorporates some of the corrections to the Hebrew from Gil's subsequent articles of addenda and corrigenda.,,Hebrew,https://www.nli.org.il/en/books/NNL_ALEPH000970180/NLI,Created from PGPID 480.,0
Article,"Gil, Moshe","Palestine During the First Muslim Period (634–1099): Additions, Notes, and Corrections",Teuda,7,,1991,,,,,281–345,Hebrew,,Created from PGPID 32340,15
Book,"Goitein, S. D.",Palestinian Jewry in Early Islamic and Crusader Times,,,,1980,Jerusalem,Yad Izhak Ben Zvi Publications,,,,Hebrew,,Created from PGPID 573,47
Article,"Goitein, S. D.",Parents and Children: a Genizah Study of the Medieval Jewish Family,Gratz College Annual of Jewish Studies,4,,1975,,,,,47 - 68,English,,,6
Article,"Marmer, David",Patrilocal Residence and Jewish Court Documents in Medieval Cairo,"Judaism and Islam: boundaries, communication, and interaction: Essays in Honor of William M. Brinner",,,2000,,,,,67 - 82,English,,,2
Article,"Shaked, Shaul",Persian-Arabic Bilingualism in the Cairo Genizah Documents,“From a Sacred Source”: Genizah Studies in Honour of Stefan C. Reif,,,2010,"Leiden, Netherlands",Brill,,,319–330,English,https://doi.org/10.1163/ej.9789004190580.i-420.85,,1
Article,"Friedman, Mordechai Akiva",Polygamy — New Information from the Genizah,Tarbiz / תרביץ,43,,1973,"Jerusalem, Israel","Mandel Institute for Jewish Studies / המכון למדעי היהדות ע""ש מנדל",,,166-198,Hebrew,https://www.jstor.org/stable/23593801,Created from PGPID 807,1
Article,"Goitein, S. D.",Portrait of a Medieval India Trader: Three Letters from the Cairo Geniza,Bulletin of the School of Oriental and African Studies,50,3,1987,"Cambridge, United Kingdom",Cambridge University Press,,,449-464,English,https://www.jstor.org/stable/617736,,4
Book Section,"Goitein, S. D.","Prayers from the Geniza for Fatimid Caliphs, the Head of the Jerusalem Yeshiva, the Jewish Community and the Local Congregation","Studies in Judaica, Karaitica and Islamica, Presented to Leon Nemoy on his Eightieth Birthday",,,1982,Ramat Gan,Bar-Ilan University Press,,,,English,,Created from PGPID 26817,5
Article,"Arad, Dotan",Pre-Exilic Halakhic Text in Judeo-Spanish from the Cairo Genizah by R. Jacob Canpanton,Sefarad,73,2,2013,,,,,409–21,English,https://www.academia.edu/49706569/Pre_Exilic_Halakhic_Text_in_Judeo_Spanish_from_the_Cairo_Genizah_by_R_Jacob_Canpanton,,1
Article,"Friedman, Mordechai Akiva",Pre-Nuptial Agreements with Grooms of Questionable Character: A Geniza Study,Diné Israel,6,,1975,,,,,105-122,English,https://drive.google.com/file/d/18ytAivNwcKMUgvixM2U4-svKYFw_2oTz/view?usp=sharing,,2
Article,"Vidro, Nadia",Qaraite New Moon Observation in the Tenth and Eleventh Centuries and Its Ritual and Calendrical Implications,Jewish Studies Quarterly,30,,2023,,,,,259–80,English,,,2
Article,"Goitein, S. D.",Rabbi Yehuda Hallevi in Spain in the Light of the Geniza Papers,Tarbiz / תרביץ,24,,1955,"Jerusalem, Israel","Mandel Institute for Jewish Studies / המכון למדעי היהדות ע""ש מנדל",,,134-149,Hebrew,https://www.jstor.org/stable/23586207,Created from PGPID 591,2
Dissertation,"Yagur, Moshe","Religious Identity and Communal Boundaries in Geniza Society (10th-13th centuries): Proselytes, Slaves, Apostates",,,,2017,,Hebrew University of Jerusalem,,,,Hebrew,,,24
Article,"Friedman, Mordechai Akiva",Responsa of Abraham Maimonides on a debtor's travails,"Genizah research after ninety years, the case of Judaeo-Arabic : papers read at the third Congress of the Society for Judaeo-Arabic Studies",,,1992,Cambridge,Cambridge University Press,,,82-92,English,,,2
Book,"Freimann, Alfred (Abraham Hayyim)",Responsa of Rabbenu Avraham ben ha-Rambam,,,,1937,Jerusalem,Meqize Nirdamim,,,,Hebrew,,,3
Article,"Friedman, Mordechai Akiva",R. Moses b. Maimon in Legal Documents from the Genizah,Shenaton ha-Mishpat ha-Ivri,14/15,,1989,,Institute for the Research of Jewish Law,,,177-188,Hebrew,https://www.jstor.org/stable/23419274,Created from PGPID 32292,1
Book Section,"Friedman, Mordechai Akiva",R. Yehiel b. Elyakim's Responsum Permitting the Reshut,Mas'at Moshe,,,1998,Jerusalem and Tel Aviv,Mosad Byaliḳ,,,328-67,Hebrew,,Created from PGPID 19730,1
Article,"Schechter, Solomon",Saadyana,The Jewish Quarterly Review O.S.,14,3,1902,,The Jewish Quarterly Review O.S.,,,486-7,English,,,2
Article,"Bareket, Elinoar",Sahlān b. Abraham,Tarbiz / תרביץ,52,,1982,"Jerusalem, Israel","Mandel Institute for Jewish Studies / המכון למדעי היהדות ע""ש מנדל",,,17-40,Hebrew,https://www.jstor.org/stable/23595639,,1
Article,Outhwaite,Samuel ben Jacob: the Leningrad Codex B19a and T-S 10J5.15,,,,2016,Fragment of the Month,,,,,English,https://www.lib.cam.ac.uk/collections/departments/taylor-schechter-genizah-research-unit/fragment-month/fragment-month-5,,1
Unpublished,"Goitein, S. D.",see attached,,,,,,,,,,English,,Created from PGPID 6264,2
Article,"Hershkovits, Keren Abbou ; Ashur, Amir",Seeing is Owning: Veiling practices in the Middle East,Astarté. Estudios del Oriente Próximo y el Mediterráneo,,1,2018,,UCOPress,,,15-25,English,https://journals.uco.es/index.php/astarte/article/view/11481,,1
Unpublished,"Goitein, S. D.",see scan,,,,,,,,,,English,,Created from PGPID 5696,1
Article,"Assaf, S.",Sefer ha-shetarot le-Rav Hai bar Sherira Ga'on,Tarbiz,1,,1930,"Jerusalem, Israel","Mandel Institute for Jewish Studies / המכון למדעי היהדות ע""ש מנדל",,,3-72,Hebrew,https://www.jstor.org/stable/23581168,"Created from PGPID 6318
Trans. Goitein in the notes linked below",1
Book,"Glick, Shmuel",Seride Teshuvot: A Descriptive Catalogue of Responsa Fragments from the Jacques Mosseri Collection Cambridge University Library,,"Cambridge Genizah Studies Series, Volume 3",,2012,Leiden,Brill,,,,English,,,1
Article,"Weisz, Meir",Seridim me-ha-geniza,הצופה לחכמת ישראל,5,,1921,Budapest,Makor,,,4-16,Hebrew,https://www.hebrewbooks.org/37228,,1
Book Section,"Yagur, Moshe",Several Documents from the Cairo Geniza Concerning Conversion to Islam,Conversion to Islam in the Premodern Age: A Sourcebook,,,2020,Oakland,University of California Press,,,227-31,English,https://www.jstor.org/stable/j.ctv1b742qw.46,,7
Article,"Goitein, S. D.",Shemarya b. Elhanan (with two new autographs),Tarbiz,32,3,1963,Jerusalem,"Mandel Institute for Jewish Studies / המכון למדעי היהדות ע""ש מנדל",,,72-266,Hebrew,https://www.jstor.org/stable/23590981,Created from PGPID 1665,4
Article,"Assaf, S.",Shetarot atiqim,Tarbiṣ,9,,,,,,,196-218,Hebrew,,Created from PGPID 3806,4
Article,"Gil, Moshe","Sicily 827-1072, in light of the Geniza documents and parallel sources",Italia Judaica,5,,1995,Rome,"Ministero per i beni culturali e ambientali, Ufficio centrale per i beni archivistici",,,96-171,English,,,3
Article,"Goitein, S. D.",“Sicily and Southern Italy in the Cairo Geniza Documents”,Archivio Storico per la Sicilia Orientale,67,,1971,,,,,9-33,English,https://www.academia.edu/42933139/S_D_Goitein_Sicily_and_Southern_Italy_in_the_Cairo_Geniza_Documents_Archivio_Storico_per_la_Sicilia_Orientale_vol_67_1971_9_33,,6
Book Section,"Goitein, S. D.",Side Lights on Jewish Education from the Cairo Geniza,Gratz College Anniversary volume,,,1971,Philadelphia,Gratz College,,,83-110,English,,Created from PGPID 468,44
Book,"Goitein, S. D.",Sidre Hinukh bi-yeme ha-Geʼonim u-vet ha-Rambam,,,,1962,Jerusalem,,,,,Hebrew,,,1
Book Section,"Kraemer, J.",Six Unpublished Maimonides Letters from the Cairo Geniza,Maimonidean Studies,2,,1992,New York,Yeshiva University Press,,,61-94,English,,Created from PGPID 4018,10
Book Section,"Zinger, Oded",Social Embeddedness in the Legal Arena according to Geniza Letters,From Qom to Barcelona,,,2020,,Brill,1,,152 - 182,English,,,2
Article,"Den Heijer, Johannes ; Yeshaya, Joachim",Solomon ben Joseph ha-Kohen on Fāṭimid Victory: A Hebrew Ode to al-Mustanṣir Billāh and Badr al-Jamālī Reconsidered,Al-Masaq,25,2,2013,,,,,155–83,English,,,1
Article,"Ashtor, Eliyahu",Some Features of the Jewish Communities in Medieval Egypt,Zion,30,,1965,"Jerusalem, Israel",Historical Society of Israel / החברה ההיסטורית הישראלית,,,61-78,Hebrew,https://www.jstor.org/stable/23552045,Created from PGPID 2500,2
Article,Gottheil,Some Hebrew Manuscripts in Cairo,The Jewish Quarterly Review O.S.,17,4,1905,,,,,609-655,English,,,1
Blog,"Arad, Dotan",Syria’s links with the Jews of Cairo in the 15th and 16th centuries,Fragment of the Month,,,2009,,,,"Taylor-Schechter Genizah Research Unit, Cambridge University Library",,English,,Created from PGPID 24573,1
Article,"Friedman, Mordechai Akiva",Termination of the Marriage upon the Wife's Request: A Palestinian Ketubba Stipulation,Proceedings of the American Academy for Jewish Research,37,,1969,,American Academy for Jewish Research,,,29-55,English,http://www.jstor.org/stable/3622523,,1
Book Section,Baneth,Te'udot min ha-Genizah le-Hayey ha-Kehilot be-Mitzrayim,Sefer ha-yovel likvod Aleksander Marks,,,1950,New York,Bayit ha-Midrash le-Rabanim be-Amerika,,,,Hebrew,,Created from PGPID 7034,2
Book,"Assaf, S.",Texts and Studies in Jewish History,,,,1946,Jerusalem,Mosad ha-Rav Ḳuḳ,,,,Hebrew,,Created from PGPID 30059,2
Book,"Mann, Jacob",Texts and Studies in Jewish History and Literature,,1,,1931,"New York, NY",NY KTAV Publishing House,,,,English,,Created from PGPID 464,70
Book,"Mann, Jacob",Texts and Studies in Jewish History and Literature,,2,,1935,Philadelphia,Hebrew Press of the Jewish Publication Society of America,,,,English,,Created from PGPID 577,4
Article,"Frenkel, Miriam","Texts as Objects, Objects as Texts",Einstein Lectures in Islamic Studies,2,,2012,,Freie Universität Berlin,,,1-52,English,https://www.academia.edu/37006359/Miriam_Frenkel_Texts_As_Objects_Objects_as_Texts_in_Reuven_Amitai_and_Sabine_Schmidtke_eds_Einstein_Lectures_in_Islamic_Studies_no_2_Berlin_Staatsbibliothek_zu_Berlin_2013_1_52,,2
Book Section,"Hirschberg, W. H. Z.",The Almohad Persecution and the India Trade,Itzhaq Baer Jubilee Volume,,,1960,Jerusalem,The Historical Society of Israel,,,,Hebrew,,Created from PGPID 9640,2
Article,"Gil, Moshe",The Apocalypse of Zerubbabel in Judaeo-Arabic,Revue des Etudes Juives,165,1,2006,,,,,1–98,English,,,1
Book Section,"Friedman, Mordechai Akiva",The Appointment of a Prayer Leader and his Dismissal according to Maimonides' and his son Rabbi Avraham,Benayahu Memorial Volume,,,2019,,,,,275–328,Hebrew,https://www.academia.edu/39427563/The_Appointment_of_a_Prayer_Leader_and_his_Dismissal_according_to_Maimonides_and_his_son_Rabbi_Avraham_%D7%9E%D7%99%D7%A0%D7%95%D7%99_%D7%A9_%D7%A5_%D7%95%D7%94%D7%93%D7%97%D7%AA%D7%95_%D7%90%D7%A6%D7%9C_%D7%94%D7%A8%D7%9E%D7%91_%D7%9D_%D7%95%D7%94%D7%A8%D7%90%D7%91,,2
Dissertation,Motzkin,The Arabic Correspondence of Judge Elijah and his Family,,2,,1965,,,,,,English,,Created from PGPID 6464,33
Article,"Hirschfeld, Hartwig",The Arabic Portion of the Cairo Genizah at Cambridge,The Jewish Quarterly Review,15,2,1903,,,,,167–81,English,,,2
Dissertation,"Mikhael, M.",The Archives of Nahray b. Nissim a trader and social figure in Egypt in the 11th century,,2,,1967,,,,,,Hebrew,,Created from PGPID 575,2
Article,"Goitein, S. D.",The Brothers Samuel and Solomon b. Judah at the Wine Feast,Sinai,86,3,1980,Israel,Mosad HaRav Kook,,,109-113,Hebrew,https://www.academia.edu/42938898/S_D_Goitein_and_Gershon_Weiss_The_Brothers_Samuel_and_Solomon_b_Judah_at_the_Wine_Feast_Sinai_vol_86_no_3_4_1980_109_113_Hebrew_,Created from PGPID 1930,3
Book,"Ackerman-Lieberman, Phillip","The Business of Identity: Jews, Muslims, and Economic Life in Medieval Egypt",,,,2014,"Stanford, California",Stanford University Press,,,,English,,Created from PGPID 9598,1
Article,"Yagur, Moshe",The cautious beginnings of Sephardi self-identification: a view from the Cairo Geniza (tenth-thirteenth centuries),Journal of Medieval Iberian Studies,15,1,2023,,,,,1–23,English,https://www.tandfonline.com/doi/full/10.1080/17546559.2022.2153154,,1
Article,"Melammed, Renée Levine",The Challenge of Reading Women’s Letters from the Cairo Genizah,"Language, Gender and Law in the Judaeo-Islamic Milieu",,,2020,Leiden,Brill,,,14–37,English,,,1
Article,"David, Avraham",The Commercial Activity of Avraham Colon in Egypt in the 16th Century,Pe'amim,51,,1992,"Jerusalem, Israel",Yad Izhak Ben Zvi,,,107-123,Hebrew,https://www.ybz.org.il/?CategoryID=287&ArticleID=2164,,3
Book Section,"Goitein, S. D.",The Communal Activities of Elhanan b. Shemarya,Joshua Finkel Festschrift,,,1974,New York,Yeshiva University Press,,,,Hebrew,,Created from PGPID 1702,10
Article,"Arad, Dotan",The Community as an Economic Body: The Property of the Cairo Musta'rib Community in Light of Genizah Documents,Ginzei Qedem,7,,2011,"Jerusalem, Israel",Yad Izhak Ben Zvi / יד יצחק בן-צבי,,,25-69,Hebrew,https://www.ybz.org.il/?CategoryID=767&ArticleID=3347,Created from PGPID 27108,2
Book,"Frenkel, Miriam",The Compassionate and Benevolent: The Leading Elite in the Jewish Community of Alexandria in the Middle Ages,,,,2006,Jerusalem,Ben-Zvi Institute for the Study of Jewish Communities in the East,,,,Hebrew,,Created from PGPID 2518,190
Blog,"Shmidman, Avi",The Completion of an Ancient Karaite Betrothal Contract,,,,2006,,,,,,English,http://imhm.blogspot.com/2006/02/avi-shmidman-completion-of-ancient.html,,1
Article,"Goitein, S. D.",The Contribution of the Jews of Yemen to the Maintenance of the Babylonian and Palestinian Yeshivot and of Maimonides' School,Tarbiz,31,,1962,,,,,357–70,Hebrew,https://www.jstor.org/stable/23591073,,1
Article,"Paul, Ludwig",The Early Judeo-Persian Letter L3 from the Cairo Genizah (Cambridge University Library T-S 18J3.16),Journal of Jewish Languages,9,1,2021,,Brill,,,77–99,English,https://doi.org/10.1163/22134638-BJA10013,,1
Article,"Stillman, Norman",The Eleventh Century Merchant House of Ibn 'Awkal (A Geniza Study),Journal of the Economic and Social History of the Orient,16,1,1973,,Brill,,,15-88,English,https://doi.org/10.2307/3596145,,1
Book Section,"Abramson, S.",The epistle of R. Yehuda Ha-Levi to R. Moshe Ben Ezra,"ספר חיים שירמן: קובץ מחקרים - עורכים: אברמסון, שרגא;מירסקי, אהרן",,,,Jerusalem,מכון שוקן למחקר היהדות שליד בית-המדרש לרבנים באמריקה,,,397-411,Hebrew,,,1
Article,"Rustow, Marina",The Fatimid Petition,Jewish History,32,,2019,,Springer Nature,,,351-372,English,https://doi.org/10.1007/s10835-019-09337-z,Created from PGPID 11701,3
Article,"Elbaum, Alan",“The Fire in My Heart and the Pain in My Eyes”: Interdependence and Outburst in the Illness Letters of the Cairo Geniza,Speculum,91,1,2023,,The University of Chicago Press for the Medieval Academy of America,,,122-163,English,,,1
Article,"Sela, Shulamit","The Head of the Rabbanite, Karaite and Samaritan Jews: On the History of a Title",Bulletin of the School of Oriental and African Studies,57,2,1994,,,,,255–67,English,https://www.jstor.org/stable/620572,,1
Article,"Khan, Geoffrey",The Historical Development of the Structure of Medieval Arabic Petitions,Bulletin of the School of Oriental and African Studies,53,1,1990,London,Cambridge University Press,,,8-30,English,,,4
Article,"Ashur, Amir",The India Trade and the Emergence of the Engagement Contract: A Cairo Geniza Study,The Medieval Globe,3,1,2017,,Arc Humanities Press,,,27-46,English,https://muse.jhu.edu/article/758504,,4
Article,"David, Avraham","The Involvement of the Later Nagids of Egypt in the Affairs of the Jewish Community in Eretz-Israel in ""A Century of Geniza Research""",Teudah,15,,1999,Tel Aviv,Tel Aviv University,,,293–332,Hebrew,https://www.academia.edu/39111063/Abraham_David_The_Involvement_of_the_Later_Nagids_of_Egypt_in_the_Affairs_of_the_Jewish_Community_in_Eretz_Israel_in_Mordechai_Akiva_Friedman_ed_A_Century_of_Geniza_Research_Teudah_vol_15_Tel_Aviv_Tel_Aviv_University_1999_293_332_Hebrew_,,1
Book,"Stern, Sacha",The Jewish Calendar Controversy of 921/2 CE,,,,2019,Leiden,Brill,,,,English,,"Blurb from Brill.com

In the year 921/2, the Jewish leaders of Palestine and Babylonia disagreed on how to calculate the calendar. This led the Jews of the entire Near East to celebrate Passover and the other festivals, through two years, on different dates. The controversy was major, but it became forgotten until its late 19th-century rediscovery in the Cairo Genizah. Faulty editions of the texts, in the following decades, led to much misunderstanding about the nature, leadership, and aftermath of the controversy. In this book, Sacha Stern re-edits the texts completely, discovers many new Genizah sources, and challenges the historical consensus. This book sheds light on early medieval Rabbanite leadership and controversies, and on the processes that eventually led to the standardization of the medieval Jewish calendar.",34
Article,"Goitein, S. D.",The Jewish Communities of Saloniki and Thebes in Ancient Documents from the Cairo Geniza,Sefunot: Studies and Sources on the History of the Jewish Communities in the East,11,,1971,"Jerusalem, Israel",Yad Izhak Ben Zvi / יד יצחק בן-צבי,,,9-33,Hebrew,https://www.jstor.org/stable/23416068,Created from PGPID 940,6
Article,"Cohen, Mark",The Jewish Community of Ascalon Between the Palestinian Gaonate and the Office of Head of the Jews in Egypt,Shalem,3,,1981,,Yad Izhak Ben Zvi / יד יצחק בן-צבי,,,93-118,Hebrew,https://www.nli.org.il/he/articles/RAMBI000352852/NLI,Created from PGPID 548,7
Book,"Allony, Nehemia",The Jewish Library in the Middle Ages: Book Lists from the Cairo Geniza,,,,2006,Jerusalem,Ben-Zvi Institute for the Study of Jewish Communities in the East,,,,Hebrew,,Created from PGPID 19314,90
Book,"Mann, Jacob",The Jews in Egypt and in Palestine under the Fâtịmid Caliphs,,2,,1970,New York,Ktav Publishing House,,,,English,,Created from PGPID 467,110
Book,"Mann, Jacob",The Jews in Egypt and in Palestine under the Fâtịmid Caliphs,,,,1970,New York,Ktav Publishing House,,,,English,,Created from PGPID 19323,9
Book,,The Jews in Egypt and Palestine under the Fatimid Caliphs,,2,,1922,,Oxford University Press,,,,English,,,1
Article,"Arad, Dotan",The Jews of Alexandria in the 15th Century in Light of New Documents,Pe'amim / פעמים,156,,2018,"Jerusalem, Israel",Yad Izhak Ben Zvi / יד יצחק בן-צבי,,,167–184,Hebrew,https://www.ybz.org.il/?CategoryID=186&ArticleID=7630,,2
Book,"Ben-Sasson, Menahem","The Jews of Sicily, 825–1068: Documents and Sources",,,,1991,Jerusalem,Ben-Zvi Institute,,,,Hebrew,,Created from PGPID 2519,39
Article,"Goitein, S. D.",The Last Phase of Rabbi Yehuda Hallevi's Life in the Light of the Geniza Papers,Tarbiz / תרביץ,24,,1954,Jerusalem,"Mandel Institute for Jewish Studies / המכון למדעי היהדות ע""ש מנדל",,,21–119,Hebrew,https://www.jstor.org/stable/23586153,Created from PGPID 964,3
Book Section,"Goitein, S. D.",The Leaders of Mosul and the destruction of their houses as a result of an earthquake,Braslavi Jubilee Volume,,,1970,,,,,,Hebrew,,Created from PGPID 1777,2
Book,"Rustow, Marina",The Lost Archive,,,,2020,"Princeton, New Jersey",Princeton University Press,,,,English,,,3
Article,"Goitein, S. D.",The Moses Maimonides-Ibn Sana Al-Mulk Circle: A Deathbed Declaration from March 1182,"Moshe Sharon, ed., Studies in Islamic History and Civilization in Honour of Professor David Ayalon",,,1986,Leiden,Brill,,,399 - 405,English,,,1
Dissertation,"Arad, Dotan","The Mustaʿrib Jews in Syria, Palestine and Egypt: 1330-1700",,,,2013,,PhD Dissertation. The Hebrew University of Jerusalem.,,,,Hebrew,,,14
Article,"Friedman, Mordechai Akiva","The Nagid, the Nasi and the French Rabbis: A Threat to Abraham Maimonides’ Leadership",Zion,82,,2017,"Jerusalem, Israel",Historical Society of Israel / החברה ההיסטורית הישראלית,,,193–266,Hebrew,https://www.academia.edu/34103967/2017_The_Nagid_the_Nasi_and_the_French_Rabbis_A_Threat_to_Abraham_Maimonides_Leadership_Hebrew_for_English_summary_see_more_%D7%94%D7%A0%D7%92%D7%99%D7%93_%D7%94%D7%A0%D7%A9%D7%99%D7%90_%D7%95%D7%94%D7%A8%D7%91%D7%A0%D7%99%D7%9D_%D7%94%D7%A6%D7%A8%D7%A4%D7%AA%D7%99%,,8
Article,"Goitein, S. D.",The Qayrawan United Appeal for the Babylonian Yeshivoth and the Emergence of the Nagid Abraham Ben ʿAta',Zion,27,,1962,"Jerusalem, Israel",Historical Society of Israel / החברה ההיסטורית הישראלית,,,65-156,Hebrew,http://www.jstor.org/stable/23550626,Created from PGPID 656,2
Article,"Friedman, Mordechai Akiva",The Ransom-Divorce: Divorce Proceedings Initiated by the Wife in Mediaeval Jewish Practice.,Israel Oriental Studies,6,,1976,,,,,288-307,English,https://www.academia.edu/17054920/The_Ransom-Divorce_Divorce_Proceedings_Initiated_by_the_Wife_in_Mediaeval_Jewish_Practice_1976,,2
Book Section,"Goitein, S. D.",The Renewal of the Controversy over the Prayer for the Head of the Community at Abraham Maimuni's Time,Ignace Goldziher Memorial Volume,2,,1958,Budapest : Akadémiai Kiadó ; Leiden ; New York,,,,49-54,Hebrew,,Created from PGPID 1806,2
Book Section,"Goitein, S. D.",The Renewal of the Controversy over the Prayer for the Head of the Community at Abraham Maimuni’s Time,"Ignace Goldziher Memorial Volume, Part II",,,1958,Jerusalem,,,,,Hebrew,,,1
Article,"Golb, Norman",The Scroll of Obadiah the proselyte,Studies in Geniza and Sephardi Heritage,,,1981,,,,,,Hebrew,,,1
Book,"Scheindlin, Raymond P.",The Song of the Distant Dove: Judah Halevi's Pilgrimage,,,,2008,Oxford,Oxford University Press,,,,English,,,1
Article,"Goitein, S. D.",The Synagogue Building and its Furnishings According to the Records of the Cairo Genizah,Eretz Israel,7,,1964,"Jerusalem, Israel",Israel Exploration Society,,,81–97,Hebrew,https://www.jstor.org/stable/23614648,Created from PGPID 756,10
Book Section,"Goitein, S. D.",The Tribulations of an Overseer of the Sultan's Ships: A Letter from the Cairo Geniza (Written to Alexandria in 1131),,,,1965,"Cambridge, Mass.",Department of Near Eastern Languages and Literatures of Harvard University,,,,English,,,1
Book,"Gil, Moshe",The Tustaris: Family and Sect,,,,1981,Tel Aviv,Diaspora Research Institute,,,,Hebrew,,Created from PGPID 3815,4
Article,"Goitein, S. D.",The Twilight of the House of Maimonides,Tarbiz / תרביץ,54,,1984,"Jerusalem, Israel","Mandel Institute for Jewish Studies / המכון למדעי היהדות ע""ש מנדל",,,67-104,Hebrew,https://www.jstor.org/stable/23596091,Created from PGPID 6777,20
Book,"Cohen, Mark",The Voice of the Poor in the Middle Ages,,,,2005,"Princeton, New Jersey",Princeton University Press,,,,English,,Created from PGPID 4530,104
Book,"Goitein, S. D.","The Yemenites – History, Communal Organization, Spiritual Life",,,,1983,Jerusalem,Ben-Zvi Institute for the Study of the Jewish Communities in the East,,,,Hebrew,,Created from PGPID 491,20
Article,"Allony, Nehemia",Thirty autograph riddles by R. Yehudah ha-Levy,Alei Sefer,1976,3,1976,,Bar Ilan University Press,,,20-43,Hebrew,http://www.jstor.org/stable/24161593,,1
Article,"Ashur, Amir ; Lev, Efraim",Three Fragments on Practical Medicine in Medieval Egypt,Ginzei Qedem,9,,2013,,,,"Article begins on page 217 of the volume in its special English section, which is paginated 9*–35*. The table of contents for the English section appears on pp. 213-214.",9*–35*,English,https://www.ybz.org.il/?CategoryID=767&ArticleID=5518,,1
Article,"Goitein, S. D.",Three Letters from Qayrawan addressed to Joseph ben Ja'acow ben 'Awkal,Tarbiz / תרביץ,34,2,1965,"Jerusalem, Israel","Mandel Institute for Jewish Studies / המכון למדעי היהדות ע""ש מנדל",,,162-182,Hebrew,https://www.jstor.org/stable/23591325,Created from PGPID 1570,5
Article,"Stern, S. M.",Three Petitions of the Fāṭimid Period,Oriens,15,,1962,"Leuven, Belgium",Brill,,,172-209,English,https://doi.org/10.2307/1579846,,2
Article,"Goitein, S. D.",Three trousseaux of Jewish brides from the Fatimid period,AJS Review,2,,1977,"Cambridge, United Kingdom",Cambridge University Press,,,77–110,English,https://www.jstor.org/stable/1486311,Created from PGPID 1316,5
Article,"Goitein, S. D.",Tyre-Tripoli-'Arqa: Geniza Documents from the Beginning of the Crusader Period,Jewish Quarterly Review,66,2,1975,"Philadelphia, Pennsylvania",University of Pennsylvania Press,,,69–88,English,https://doi.org/10.2307/1453907,Created from PGPID 828,7
Article,"Cahen, Claude",Une lettre d'un prisonnier musulman des Francs de Syrie,Etudes de civilisation medievale... melanges offerts a E. R. Labande,,,1975,Poitiers,,,,83–87,French,,,3
Unpublished,,[unknown source],,,,,,,,,,Judaeo-Arabic,,Source of transcription not noted in original PGP database (or similar),31
Article,"Goitein, S. D.",Unpublished autograph Responsa by Maimonides,Tarbiz / תרביץ,28,2,1959,"Jerusalem, Israel","Mandel Institute for Jewish Studies / המכון למדעי היהדות ע""ש מנדל",,There are an additional four pages of illustrations following page 196 that constitute part of the article.,190-196,Hebrew,https://www.jstor.org/stable/23588795,Created from PGPID 458,6
Unpublished,"Gueddich, Wissem",unpublished edition,,,,2013,,,,,,,,,1
Unpublished,"Richman, Rachel",unpublished edition,,,,2023,,,,,,,,,1
Unpublished,"Cohen, Mark",unpublished editions,,,,1983,,,,,,Judaeo-Arabic,,Created from PGPID 448,1
Unpublished,"Rustow, Marina ; Cobb, Paul ; Vanthieghem, Naïm ; el-Leithy, Tamer",unpublished editions,,,,2015,,,,,,,,,1
Unpublished,"Elbaum, Alan",unpublished editions,,,,2019,,,,,,,,Created from PGPID 6221,30
Unpublished,"Elbaum, Alan",unpublished editions,,,,2020,,,,,,,,Created from PGPID 6177,75
Unpublished,"Richman, Rachel",unpublished editions,,,,2021,,,,,,,,,1
Unpublished,"Elbaum, Alan",unpublished editions,,,,2021,,,,,,English,,Created from PGPID 30332,42
Unpublished,"Pfeiffer, Athina",unpublished editions,,,,2022,,,,,,Arabic ; Judaeo-Arabic,,,2
Unpublished,"Umrethwala, Yusuf ; Elbaum, Alan",unpublished editions,,,,2022,,,,,,,,,48
Unpublished,"Umrethwala, Yusuf",unpublished editions,,,,2022,,,,,,,,,23
Unpublished,"Gil, Moshe ; Rustow, Marina ; Dweck, Yaacob ; Umrethwala, Yusuf",unpublished editions,,,,2022,,,,,,,,,1
Unpublished,"Umrethwala, Yusuf ; Elbaum, Alan ; Shaddel, May",unpublished editions,,,,2022,,,,,,,,,2
Unpublished,"Elbaum, Alan",unpublished editions,,,,2022,,,,,,English,,,187
Unpublished,"Umrethwala, Yusuf ; Rustow, Marina ; Bensalim, Amel ; Dweck, Yaacob",unpublished editions,,,,2022,,,,,,,,,1
Unpublished,"Umrethwala, Yusuf ; Pfeiffer, Athina ; Elbaum, Alan",unpublished editions,,,,2022,,,,,,,,,1
Unpublished,"Elbaum, Alan ; Gopalaskrishnan, Pratima ; Rustow, Marina ; Ryzhova, Ksenia",unpublished editions,,,,2023,,,,,,,,,1
Unpublished,"Elbaum, Alan ; Umrethwala, Yusuf",unpublished editions,,,,2023,,,,,,,,,2
Unpublished,"Goitein, S. D. ; Rustow, Marina ; Ryzhova, Ksenia",unpublished editions,,,,2023,,,,,,,,,1
Unpublished,"Elbaum, Alan",unpublished editions,,,,2023,,,,,,,,,260
Unpublished,"Elbaum, Alan ; Rustow, Marina ; Umrethwala, Yusuf",unpublished editions,,,,2023,,,,,,,,,9
Unpublished,"Umrethwala, Yusuf",unpublished editions,,,,2023,,,,,,,,,125
Unpublished,"Umrethwala, Yusuf ; Elbaum, Alan ; Zinger, Oded",unpublished editions,,,,2023,,,,,,,,,1
Unpublished,"Umrethwala, Yusuf ; Elbaum, Alan",unpublished editions,,,,2023,,,,,,,,,23
Unpublished,"Vanthieghem, Naïm",unpublished editions,,,,2023,,,,,,,,,1
Unpublished,"Umrethwala, Yusuf ; Elbaum, Alan ; Weitz, Lev",unpublished editions,,,,2023,,,,,,,,,1
Unpublished,"Umrethwala, Yusuf ; Elbaum, Alan",unpublished editions,,,,2024,,,,,,,,,7
Unpublished,"Elbaum, Alan ; Umrethwala, Yusuf",unpublished editions,,,,2024,,,,,,,,,10
Unpublished,"Umrethwala, Yusuf ; Elbaum, Alan ; Pfeiffer, Athina",unpublished editions,,,,2024,,,,,,,,,1
Unpublished,"Elbaum, Alan ; Umrethwala, Yusuf",unpublished editions,,,,2024,,,,,,English,,,1
Unpublished,"Rustow, Marina ; Bailey, Anna ; Umrethwala, Yusuf",unpublished editions,,,,2024,,,,,,Hebrew,,,1
Unpublished,"Umrethwala, Yusuf",unpublished editions,,,,2024,,,,,,,,,52
Unpublished,"Goitein, S. D. ; Rustow, Marina",unpublished editions,,,,,,,,,,Judaeo-Arabic,,,1
Unpublished,"Yarbrough, Luke",unpublished editions,,,,,,,,,,English,,Created from PGPID 5244,5
Unpublished,"Franklin, Arnold",unpublished editions,,,,,,,,,,,,Created from PGPID 5207,16
Unpublished,"Goitein, S. D.",unpublished editions,,T-S 1*,,,,,,,,,,,1
Unpublished,"Goitein, S. D.",unpublished editions,,T-S 6 ,,,,,,,,,,,1
Unpublished,"Goitein, S. D.",unpublished editions,,IOM,,,,,,,,,,,6
Unpublished,"Goitein, S. D.",unpublished editions,,T-S K1,,,,,,,,,,,8
Unpublished,"Goitein, S. D.",unpublished editions,,p.Heid.,,,,,,,,English,,,6
Unpublished,"Goitein, S. D.",unpublished editions,,UPenn,,,,,,,,,,,5
Unpublished,"Goitein, S. D.",unpublished editions,,T-S C2,,,,,,,,,,,1
Unpublished,"Elbaum, Alan ; Rustow, Marina",unpublished editions,,,,,,,,,,,,,7
Unpublished,Motzkin,unpublished editions,,,,,,,,,,,,Created from PGPID 1221,1
Unpublished,"Goitein, S. D.",unpublished editions,,T-S 8,,,,,,,,English,,,63
Unpublished,"Goitein, S. D.",unpublished editions,,JRL,,,,,,,,,,,3
Unpublished,"Goitein, S. D.",unpublished editions,,T-S 20,,,,,,,,,,,45
Unpublished,"Umrethwala, Yusuf ; Dudley, Matthew ; Elbaum, Alan",unpublished editions,,,,,,,,,,,,,5
Unpublished,"Umrethwala, Yusuf ; Elbaum, Alan ; Rustow, Marina",unpublished editions,,,,,,,,,,,,,11
Unpublished,"Goitein, S. D.",unpublished editions,,T-S H1,,,,,,,,,,,1
Unpublished,"Goitein, S. D.",unpublished editions,,DK,,,,,,,,,,,42
Unpublished,"Rustow, Marina ; Elbaum, Alan",unpublished editions,,,,,,,,,,,,,4
Unpublished,"Krakowski, Eve",unpublished editions,,,,,,,,,,,,,15
Unpublished,"Goitein, S. D.",unpublished editions,,T-S 12,,,,,,,,English,,,474
Unpublished,"Goitein, S. D.",unpublished editions,,T-S 18,,,,,,,,,,,121
Unpublished,"Goitein, S. D.",unpublished editions,,T-S 8J,,,,,,,,,,,688
Unpublished,"Goitein, S. D.",unpublished editions,,T-S Misc.,,,,,,,,English,,,66
Unpublished,"Goitein, S. D.",unpublished editions,,RNL Yevr.,,,,,,,,English,,,15
Unpublished,"Goitein, S. D.",unpublished editions,,AIU,,,,,,,,,,,10
Unpublished,"Goitein, S. D.",unpublished editions,,RNL Yevr.-Arab.,,,,,,,,English,,,18
Unpublished,"Goitein, S. D.",unpublished editions,,T-S 6J,,,,,,,,,,,147
Unpublished,"Bondioli, Lorenzo ; Elbaum, Alan ; Luescher, Stephanie ; Rustow, Marina ; Vanthieghem, Naïm",unpublished editions,,,,,,,,,,Arabic ; English,,,1
Unpublished,"Cohen, Mark",unpublished editions,,,,,,,,,,Judaeo-Arabic,,Created from PGPID 521,215
Unpublished,"Goitein, S. D.",unpublished editions,,Bodl.,,,,,,,,,,,445
Unpublished,"Goitein, S. D.",unpublished editions,,T-S 24,,,,,,,,,,,21
Unpublished,"Goitein, S. D.",unpublished editions,,T-S AS,,,,,,,,,,,133
Unpublished,"Goitein, S. D.",unpublished editions,,T-S 16,,,,,,,,,,,149
Unpublished,"Goitein, S. D.",unpublished editions,,T-S J1,,,,,,,,,,,7
Unpublished,"Goitein, S. D.",unpublished editions,,PER,,,,,,,,,,,24
Unpublished,"Goitein, S. D.",unpublished editions,,Halper,,,,,,,,,,,58
Unpublished,"Goitein, S. D.",unpublished editions,,CUL,,,,,,,,,,,201
Unpublished,"Goitein, S. D.",unpublished editions,,T-S 28,,,,,,,,,,,7
Unpublished,"Goitein, S. D.",unpublished editions,,Freer (Gottheil-Worrell),,,,,,,,English,,,11
Unpublished,"Udovitch, A. L.",unpublished editions,,,,,,,,,,,,Created from PGPID 492,79
Unpublished,"Goitein, S. D.",unpublished editions,,BL,,,,,,,,,,,108
Unpublished,"Goitein, S. D.",unpublished editions,,T-S J2,,,,,,,,,,,5
Unpublished,"Goitein, S. D.",unpublished editions,,T-S G1,,,,,,,,,,,4
Unpublished,"Goitein, S. D.",unpublished editions,,Moss.,,,,,,,,English,,,138
Unpublished,"Goitein, S. D.",unpublished editions,,T-S 13J,,,,,,,,English,,,1060
Unpublished,"Goitein, S. D.",unpublished editions,,T-S NS,,,,,,,,,,,233
Unpublished,"Elbaum, Alan ; Pfeiffer, Athina ; Rustow, Marina ; Umrethwala, Yusuf",unpublished editions,,,,,,,,,,Arabic,,,1
Unpublished,"Goitein, S. D.",unpublished editions,,ENA,,,,,,,,,,,540
Unpublished,"Goitein, S. D.",unpublished editions,,,,,,,,,,English,,Created from PGPID 2367,21
Unpublished,"Goitein, S. D.",unpublished editions,,NLI,,,,,,,,,,,3
Unpublished,"Rustow, Marina",unpublished editions,,,,,,,,,,,,Created from PGPID 30961,59
Unpublished,"Goitein, S. D.",unpublished editions,,T-S Ar.,,,,,,,,English,,,112
Unpublished,"Goitein, S. D.",unpublished editions,,T-S 10,,,,,,,,,,,464
Unpublished,"Goitein, S. D.",unpublished editions,,L-G,,,,,,,,English,,,25
Unpublished,"Goitein, S. D.",unpublished editions,,T-S K2,,,,,,,,English,,,4
Unpublished,"Hastings, Noah",Unpublished editions,,,,2019,,,,,,Arabic,,,1
Unpublished,"Rustow, Marina ; Umrethwala, Yusuf",Unpublished editions,,,,2024,,,,,,Arabic,,,3
Unpublished,"el-Leithy, Tamer ; Rustow, Marina ; Vanthieghem, Naïm",Unpublished editions,,,,,,,,,,English,,,4
Unpublished,"Picard, Joshua",Unpublished editions,,,,,,,,,,Arabic ; Hebrew ; Judaeo-Arabic,,,0
Unpublished,"Rustow, Marina ; Yarbrough, Luke",Unpublished editions,,,,,,,,,,English,,,1
Unpublished,"Rustow, Marina ; Umrethwala, Yusuf ; Dweck, Yaacob",Unpublished editions,,,,,,,,,,English,,,4
Unpublished,"Goitein, S. D.",unpublished editions (Nahray‎ b. Nissim archive),,,,,,,,unpublished corpus of editions,,,,"Created from PGPID 451
unpublished corpus of editions",35
Unpublished,"Yagur, Moshe",Unpublished transcription,,,,2023,,,,,,English,,,27
Unpublished,,Unpublished transcription,,,,2023,,Moshe Yagur,,,,English,,,0
Unpublished,"Rustow, Marina",Unpublished translation,,,,2016,,,,,,English,https://docs.google.com/document/d/1GRDYzxxqkanUIR934SKfoSctwpQbY7tgQPtx3g_lKtE/edit,,1
Unpublished,"Umrethwala, Yusuf ; Elbaum, Alan",unpublished translations,,,,2022,,,,,,English,,,2
Unpublished,"Umrethwala, Yusuf",unpublished translations,,,,2022,,,,,,English,,,2
Unpublished,"Umrethwala, Yusuf",unpublished translations,,,,2023,,,,,,English,,,36
Unpublished,"Rustow, Marina ; Elbaum, Alan ; Umrethwala, Yusuf",unpublished translations,,,,2023,,,,,,English,,,2
Unpublished,"Umrethwala, Yusuf ; Elbaum, Alan",unpublished translations,,,,2023,,,,,,English,,,4
Unpublished,"Umrethwala, Yusuf ; Elbaum, Alan",unpublished translations,,,,2024,,,,,,English,,,1
Unpublished,"Umrethwala, Yusuf",unpublished translations,,,,2024,,,,,,English,,,1
Unpublished,"Udovitch, A. L. ; Rustow, Marina",unpublished translations,,,,,,,,,,English,,,7
Unpublished,"Bensalim, Amel",Unpublished translations,,,,,,,,,,English,,,1
Article,"Mann, Jacob",Varia on the Gaonic Period (conclusion),Tarbiz,6,1,1934,"Jerusalem, Israel","Mandel Institute for Jewish Studies / המכון למדעי היהדות ע""ש מנדל",,,66–68,Hebrew,http://www.jstor.org/stable/23583166,Created from PGPID 6854,1
Article,"Goitein, S. D.",Wills and Deathbed Declarations from the Cairo Geniza,Sefunot,8,,1964,"Jerusalem, Israel",Yad Izhak Ben Zvi / יד יצחק בן-צבי,,,105-126,Hebrew,https://www.jstor.org/stable/23414416,Created from PGPID 906,12
Dissertation,"Zinger, Oded","Women, Gender and Law: Marital Disputes According to Documents of the Cairo Geniza",,,,2014,,,,,,English,,Created from PGPID 3225,20
Book Section,"Kraemer, J.",Women Speak for Themselves,The Cambridge Genizah Collections: Their Contents and Significance,,,2002,Cambridge,Cambridge University Press,,,178-215,English,,Created from PGPID 9367,2
Unpublished,,"Yagur, unpublished transcriptions",,,,2024,,,,,,English,,,4
Book,"Gil, Moshe ; Fleischer, Ezra",Yehuda Ha-Levi and His Circle,,,,2001,Jerusalem,ha-Igud ha-ʻolami le-madaʻe ha-Yahadut,,,,Hebrew,,Created from PGPID 2439,10
Article,"Zinger, Oded","""You and I will enjoy each other's company until God decrees our death in the Land of Israel"": a letter from the Cairo Genizah on aliyah and pilgrimage",Cathedra,174,,2020,"Jerusalem, Israel",Yad Izhak Ben Zvi / יד יצחק בן-צבי,,,31-46,Hebrew,https://www.academia.edu/42125137/You_and_I_will_enjoy_each_others_company_until_God_decrees_our_death_in_the_Land_of_Israel_%D7%9E%D7%9B%D7%AA%D7%91_%D7%9E%D7%92%D7%A0%D7%99%D7%96%D7%AA_%D7%A7%D7%94%D7%99%D7%A8_%D7%A2%D7%9C_%D7%A2%D7%9C%D7%99%D7%99%D7%94_%D7%95%D7%A2%D7%9C%D7%99%D7%99%D7%94_%D7%9C%,,1
Book,Dietrich,Zum Drogenhandel im islamischen Ägypten,,,,1954,"Heidelberg, Germany",Carl Winter Universitätsverlag,,,,German,,Created from PGPID 9594,2
Book,"Goitein, S. D. ; Friedman, Mordechai Akiva ; Ashur, Amir",חלפון הסוחר המשכיל והנוסע הגדול- ספר הודו ד/ה,,,,2013,,,,,,Hebrew,,,1
Book Section,"Friedman, Mordechai Akiva","קטעים חדשים של שאלות ותשובות הרמב""ם",מחקרי עדות וגניזה,,,1981,,,,,,Hebrew,,,1
Article,"Engel, Edna ; Yahalom, Yosef",,Sefunot,22,,1999,,Yad Ben Zvi,,,30-31,Hebrew,,,1
Article,,,Sefunot,22,,1999,,Yad Ben Zvi,,,30-31,Hebrew,,,0
Dissertation,"David, Yehezkel",,,1,,2000,,,,,,Hebrew,,,5
Dissertation,,,,1,,2000,,,,,,Hebrew,,,0
Dissertation,,,,1,,2000,,,,,,Hebrew,,,0
Unpublished,"Khan, Geoffrey ; Rustow, Marina ; Elbaum, Alan",,,,,2022,,,,,,Arabic,,,0
Unpublished,"Bondioli, Lorenzo ; Elbaum, Alan ; Rustow, Marina ; Vanthieghem, Naïm",,,,,2022,,,,,,English,,,1
Unpublished,"Pfeiffer, Athina",,,,,2024,,,,,,English,,,4
Unpublished,"Elbaum, Alan",,,,,2024,,,,,,English,,,121
Unpublished,"Pfeiffer, Athina ; Rustow, Marina",,,,,,,,,,,English ; Judaeo-Arabic,,,3
Unpublished,"Rustow, Marina ; Vanthieghem, Naïm",,,,,,,,,,,Arabic,,Created from PGPID 30844,11
Unpublished,"Dudley, Matthew",,,,,,,,,,,,,,2
Unpublished,"Goitein, S. D. ; Bondioli, Lorenzo ; el-Leithy, Tamer ; Rustow, Marina",,,,,,,,,,,English,,,1
Unpublished,"Elbaum, Alan ; Rustow, Marina ; Vanthieghem, Naïm",,,,,,,,,,,Arabic,,,2
Unpublished,"Goitein, S. D. ; Pukhovaia, Ekaterina ; Elbaum, Alan",,,,,,,,,,,English,,,1
Unpublished,"Elbaum, Alan ; Rustow, Marina ; Shaddel, May ; Goldman, Brendan ; Cobb, Paul",,,,,,,,,,,English,,,1
Unpublished,"el-Leithy, Tamer ; Rustow, Marina ; Vanthieghem, Naïm ; Yarbrough, Luke",,,,,,,,,,,English,,,1
Unpublished,"Elbaum, Alan ; Dudley, Matthew",,,,,,,,,,,Hebrew,,,1
Unpublished,"Rustow, Marina",,,,,,,,,,,Judaeo-Arabic,,,0
Unpublished,"Bensalim, Amel ; Luescher, Stephanie ; Pfeiffer, Athina ; Rustow, Marina ; Waldschuetz, Lucia",,,,,,,,,,,Arabic,,,1
Unpublished,"Rustow, Marina ; Vanthieghem, Naïm ; Zinger, Oded",,,,,,,,,,,Arabic,,Created from PGPID 30849,2
Article,"Schechter, Solomon",,,,,,,,,,,English,,,1
Unpublished,"Elbaum, Alan ; Rustow, Marina ; Haim, Ofir",,,,,,,,,,,Arabic,,,1
Unpublished,"David, Avraham",,,,,,,,,,,English,,Created from PGPID 19289,8
Unpublished,"Rustow, Marina",,,,,,,,,,,Arabic ; English,,,2
Unpublished,"Rustow, Marina ; Umrethwala, Yusuf",,,,,,,,,,,,,,3
Unpublished,"Khan, Geoffrey ; Rustow, Marina ; Vanthieghem, Naïm",,,,,,,,,,,English,,,1
Unpublished,"Goitein, S. D. ; Elbaum, Alan ; Rabie, Hassanein",,,,,,,,,,,Arabic,,,2
Unpublished,"Liepsner, Nura ; Shirazi, Zain ; Rustow, Marina ; Elbaum, Alan",,,,,,,,,,,English,,,1
Unpublished,"David, Avraham",,,,,,,,,,,English,,Created from PGPID 29449,109
Unpublished,"Goitein, S. D.",,,,,,,,,,,English,,Created from PGPID 4729,1
Unpublished,"Bondioli, Lorenzo ; Elbaum, Alan ; el-Leithy, Tamer ; Picard, Joshua ; Rustow, Marina ; Shirazi, Zain",,,,,,,,,,,Arabic ; English,,Created from PGPID 11235,1
Unpublished,"Rabie, Hassanein",,,,,,,,,,,Arabic,,Created from PGPID 33768,2
Unpublished,"Perlman, Yaara ; Picard, Joshua ; Rustow, Marina",,,,,,,,,,,English,,Created from PGPID 3455,5
Unpublished,"Elbaum, Alan",,,,,,,,,,,English,,Created from PGPID 5222,5
Unpublished,"Rustow, Marina",,,,,,,,,,,English,,Created from PGPID 2463,33
